ProblemName,Seed,T_useinf-b_usebound_b,T_useinf-b_usebound_b-no-update,N_useinf-b_usebound_b,N_useinf-b_usebound_b-no-update,DI_useinf-b_usebound_b,DI_useinf-b_usebound_b-no-update,Gap_useinf-b_usebound_b,Gap_useinf-b_usebound_b-no-update,GapQ_useinf-b_usebound_b,GapQ_useinf-b_usebound_b-no-update,TQ_useinf-b_usebound_b,TQ_useinf-b_usebound_b-no-update,NQ_useinf-b_usebound_b,NQ_useinf-b_usebound_b-no-update,DIQ_useinf-b_usebound_b,DIQ_useinf-b_usebound_b-no-update
30n20b8,1,623.6,773.41,1999,2674,24175.587104304643,29108.30016887417,0.0,0.0,0.0,0.0,0.8062993754929468,1.0,0.7475691847419597,1.0,0.8305392951167883,1.0
30n20b8,2,693.56,474.09,3499,3834,33380.86676655629,21667.268801324502,0.0,0.0,0.0,0.0,1.4629289797295872,1.0,0.912623891497131,1.0,1.5406125743229688,1.0
CMS750_4,0,185.73,173.21,2028,2061,236.69047619047618,221.79365079365078,0.0,0.0,0.0,0.0,1.0722822007967205,1.0,0.9839883551673945,1.0,1.0671652472625779,1.0
CMS750_4,1,370.72,532.83,3254,9672,353.7340238095247,438.03841666666625,0.0,0.0,0.0,0.0,0.695756620310418,1.0,0.33643507030603803,1.0,0.8075410976537827,1.0
CMS750_4,2,473.12,372.77,13518,9265,409.4761904761905,328.2460734126975,0.0,0.0,0.0,0.0,1.269200847707702,1.0,1.4590393955747436,1.0,1.2474671401822495,1.0
beasleyC3,2,47.2,48.04,453,432,60.5070464190982,60.92265928381969,0.0,0.0,0.0,0.0,0.9825145711906745,1.0,1.0486111111111112,1.0,0.9931780248989908,1.0
binkar10_1,0,31.34,33.75,2560,2544,16.530218892167426,16.68153774078194,0.0,0.0,0.0,0.0,0.9285925925925926,1.0,1.0062893081761006,1.0,0.9909289628470773,1.0
binkar10_1,1,29.22,30.29,2246,2325,11.699173704422169,17.051882042663504,0.0,0.0,0.0,0.0,0.9646748101683724,1.0,0.9660215053763441,1.0,0.6860928122274741,1.0
binkar10_1,2,28.71,31.18,2509,2376,16.276617190935752,17.454443325093216,0.0,0.0,0.0,0.0,0.9207825529185376,1.0,1.055976430976431,1.0,0.9325199828937442,1.0
brazil3,2,3785.08,3826.38,3302,3357,4574.0625,4596.874999999999,0.0,0.0,0.0,0.0,0.9892065085015079,1.0,0.9836163240988979,1.0,0.9950373895309316,1.0
cost266-UUE,0,4923.15,5113.69,375684,369616,18442.076416295735,18252.168797389666,0.0,0.0,0.0,0.0,0.9627392352684656,1.0,1.0164170382234536,1.0,1.0104046604551031,1.0
cost266-UUE,1,3728.83,4355.08,294630,351526,13227.091766782543,15675.552215567343,0.0,0.0,0.0,0.0,0.8562024118959928,1.0,0.83814568481421,1.0,0.84380387911609,1.0
cost266-UUE,2,4067.72,5036.66,306702,371569,15450.64854860508,19759.170928787607,0.0,0.0,0.0,0.0,0.8076225117438938,1.0,0.825424080049735,1.0,0.781948220615606,1.0
csched007,0,2327.77,2900.82,187288,240564,16205.184854415957,18981.176732193733,0.0,0.0,0.0,0.0,0.8024524100082046,1.0,0.7785371044711594,1.0,0.8537502749727075,1.0
csched007,1,2613.95,3154.88,220934,277315,16818.595935897436,21355.150501709402,0.0,0.0,0.0,0.0,0.8285418145856577,1.0,0.7966896850152354,1.0,0.7875662564190858,1.0
csched007,2,3393.08,2678.68,247755,234286,21171.48683076923,18818.640164387467,0.0,0.0,0.0,0.0,1.2666985231531949,1.0,1.0574895640371171,1.0,1.125027453940817,1.0
csched008,1,7200.0,7127.81,694455,931841,6763.466872832382,5319.3810057803385,2.33,0.0,inf,0.0,1.010127935508943,1.0,0.745250530938218,1.0,1.2714762987428083,1.0
csched008,2,5772.95,2381.21,546382,228445,3644.5367774566475,1768.0996734104058,0.0,0.0,0.0,0.0,2.4243766824429596,1.0,2.3917441835014994,1.0,2.0612733729127775,1.0
dano3_5,1,285.81,283.74,159,166,1780.2608740715739,1772.6615784236483,0.0,0.0,0.0,0.0,1.0072954112920278,1.0,0.9578313253012049,1.0,1.0042869410272226,1.0
eil33-2,0,81.2,78.78,343,561,933.6795582576123,876.5174919009926,0.0,0.0,0.0,0.0,1.0307184564610308,1.0,0.6114081996434938,1.0,1.0652149750401974,1.0
eil33-2,1,101.92,78.8,395,561,1109.1921272024756,876.8670543901396,0.0,0.0,0.0,0.0,1.2934010152284265,1.0,0.7040998217468806,1.0,1.264949026935352,1.0
eil33-2,2,105.72,64.23,541,613,962.4049616213214,696.9231586983619,0.0,0.0,0.0,0.0,1.6459598318542736,1.0,0.8825448613376835,1.0,1.380934109606571,1.0
fast0507,0,322.23,305.46,1284,1377,580.8892862068959,552.4055913793089,0.0,0.0,0.0,0.0,1.0549008053427618,1.0,0.9324618736383442,1.0,1.0515630096293298,1.0
fast0507,1,280.17,180.55,1223,789,550.1830798850568,474.1533074712638,0.0,0.0,0.0,0.0,1.5517585156466354,1.0,1.550063371356147,1.0,1.1603485016676822,1.0
fast0507,2,365.44,249.56,1711,1054,604.7471241379305,511.8702706896544,0.0,0.0,0.0,0.0,1.4643372335310145,1.0,1.6233396584440227,1.0,1.1814460787557384,1.0
fastxgemm-n2r6s0t2,0,4702.82,4634.71,1118937,1091678,326247.55928434775,315962.50350434775,0.0,0.0,0.0,0.0,1.0146956335995132,1.0,1.0249698171072423,1.0,1.0325515074286606,1.0
fastxgemm-n2r6s0t2,1,4017.11,1847.11,1012967,404965,236190.0877195652,140682.31715869563,0.0,0.0,0.0,0.0,2.1748082139125446,1.0,2.501369254133073,1.0,1.6788896606894295,1.0
fastxgemm-n2r6s0t2,2,3129.08,5106.21,769500,1218045,211406.1993217391,382576.3505978261,0.0,0.0,0.0,0.0,0.6127989252302588,1.0,0.6317500584953758,1.0,0.5525856446468502,1.0
fiball,0,465.55,534.2,4111,5059,249.44762318840577,234.77621739130436,0.0,0.0,0.0,0.0,0.8714900786222388,1.0,0.8126111879818146,1.0,1.0624910221321455,1.0
fiball,1,447.14,423.45,3521,3216,229.8099420289855,229.20289855072463,0.0,0.0,0.0,0.0,1.0559452119494628,1.0,1.0948383084577114,1.0,1.0026484982611445,1.0
fiball,2,499.03,579.49,5672,5313,224.38405797101447,229.20289855072463,0.0,0.0,0.0,0.0,0.8611537731453519,1.0,1.067570111048372,1.0,0.9789756560227632,1.0
gen-ip002,0,1315.68,1399.45,5856334,6075461,508.2774467047354,533.6167873002747,0.0,0.0,0.0,0.0,0.9401407695880525,1.0,0.9639324489121073,1.0,0.9525139740754062,1.0
gen-ip002,1,1295.56,1305.34,5478569,5725874,494.6164580802605,508.82881405507317,0.0,0.0,0.0,0.0,0.9925076991435182,1.0,0.9568092137549656,1.0,0.9720684922271827,1.0
gen-ip002,2,1271.92,1375.26,5583912,5885796,491.4221079150391,536.3387468493836,0.0,0.0,0.0,0.0,0.9248578450620247,1.0,0.9487097412142724,1.0,0.9162532276509977,1.0
gen-ip054,0,3047.64,3344.49,15245360,16710950,1519.5676472901296,1622.2047050246308,0.0,0.0,0.0,0.0,0.9112420727823973,1.0,0.9122976252098175,1.0,0.9367298976407895,1.0
gen-ip054,1,2530.93,2452.64,12476019,12245498,1305.3634888918657,1272.2842317484688,0.0,0.0,0.0,0.0,1.0319207058516537,1.0,1.0188249591809169,1.0,1.0259998955563074,1.0
gen-ip054,2,3381.24,4133.81,16438070,20348199,1711.353184130085,1991.5015144305037,0.0,0.0,0.0,0.0,0.8179476076549236,1.0,0.8078390623170139,1.0,0.8593280857330753,1.0
glass4,0,4008.75,3197.72,2705421,2512983,115238.12619050834,86303.04533819061,0.0,0.0,0.0,0.0,1.253627584654066,1.0,1.0765775176354158,1.0,1.3352729992195704,1.0
glass4,1,2392.84,2281.42,1888717,2101434,65192.70388069259,61210.40094387342,0.0,0.0,0.0,0.0,1.048838004400768,1.0,0.898775312477099,1.0,1.0650592526010527,1.0
glass4,2,2212.84,2001.07,1599046,1508903,59809.337062710845,56583.55294411075,0.0,0.0,0.0,0.0,1.1058283818157286,1.0,1.0597407520562951,1.0,1.0570092182402597,1.0
graphdraw-domain,0,1010.47,844.42,1823083,1611437,16022.469596159708,13859.232456060145,0.0,0.0,0.0,0.0,1.196643850216717,1.0,1.1313399158639152,1.0,1.1560863595410478,1.0
graphdraw-domain,1,1122.85,1195.65,1941578,2105392,17974.215538961696,18580.4790942802,0.0,0.0,0.0,0.0,0.9391126165683936,1.0,0.9221931117815589,1.0,0.9673709406392468,1.0
graphdraw-domain,2,1664.67,1739.95,2907888,2981841,23908.33903586305,25342.267344813572,0.0,0.0,0.0,0.0,0.9567343889192218,1.0,0.9751988788134579,1.0,0.943417521035505,1.0
icir97_tension,0,7200.0,6649.86,3185773,2386444,1037.4060235294119,918.3294340392129,0.07,0.0,inf,0.0,1.0827295612238454,1.0,1.3349456345927246,1.0,1.1296665282375284,1.0
istanbul-no-cutoff,0,154.02,151.14,347,341,4154.504063298898,4115.126916583409,0.0,0.0,0.0,0.0,1.0190551806272332,1.0,1.0175953079178885,1.0,1.0095688778289689,1.0
istanbul-no-cutoff,1,166.34,165.39,245,269,4386.7845191557135,4364.371295633795,0.0,0.0,0.0,0.0,1.0057439990325898,1.0,0.9107806691449815,1.0,1.0051354987932262,1.0
istanbul-no-cutoff,2,285.14,291.78,475,481,6591.160704164574,6583.941292552696,0.0,0.0,0.0,0.0,0.9772431283843992,1.0,0.9875259875259875,1.0,1.001096518223825,1.0
map10,0,1006.71,995.07,1637,1494,11390.739125871321,11421.246146124598,0.0,0.0,0.0,0.0,1.0116976695106876,1.0,1.0957161981258368,1.0,0.997328923668839,1.0
map10,1,633.84,675.54,724,768,7841.863703219099,8265.476107618088,0.0,0.0,0.0,0.0,0.9382716049382717,1.0,0.9427083333333334,1.0,0.9487491828802753,1.0
map10,2,792.96,830.5,965,955,9060.827479977572,9219.153532616736,0.0,0.0,0.0,0.0,0.954798314268513,1.0,1.0104712041884816,1.0,0.9828264002677667,1.0
map16715-04,0,2158.43,2177.21,1933,1961,105052.04735655236,105936.77963497966,0.0,0.0,0.0,0.0,0.9913742817642762,1.0,0.985721570627231,1.0,0.9916484880749087,1.0
map16715-04,1,2335.51,2434.77,2173,2281,114012.38505556673,115731.94320829984,0.0,0.0,0.0,0.0,0.9592322888814961,1.0,0.9526523454625164,1.0,0.9851418881851991,1.0
map16715-04,2,2160.04,2080.59,1990,1982,105132.8366379955,101563.036635761,0.0,0.0,0.0,0.0,1.038186283698374,1.0,1.0040363269424823,1.0,1.035148614303814,1.0
markshare_4_0,0,72.47,342.25,612396,2928397,7247.0,34224.999999991735,0.0,0.0,0.0,0.0,0.21174579985390796,1.0,0.20912328485516138,1.0,0.2117457998539591,1.0
markshare_4_0,1,70.48,307.25,589762,2661583,7048.0,30724.999999992575,0.0,0.0,0.0,0.0,0.22938974776240847,1.0,0.22158317061688476,1.0,0.2293897477624639,1.0
markshare_4_0,2,85.88,260.24,719508,2235991,8588.0,26023.999999993805,0.0,0.0,0.0,0.0,0.33000307408545954,1.0,0.32178483723771695,1.0,0.33000307408553814,1.0
mas74,0,1680.79,1696.01,4932223,5115429,6714.657077007676,6687.074471167623,0.0,0.0,0.0,0.0,0.991025996308984,1.0,0.9641856039835565,1.0,1.004124764268587,1.0
mas74,1,2282.09,2206.78,7992914,8092045,7947.64328439701,8002.240159487965,0.0,0.0,0.0,0.0,1.0341266460634952,1.0,0.9877495738098342,1.0,0.9931773011053384,1.0
mas74,2,1563.59,1302.75,4674399,3949864,6164.667939272116,5065.203941473089,0.0,0.0,0.0,0.0,1.2002226060257148,1.0,1.1834328979428153,1.0,1.2170621381691644,1.0
mc11,0,149.4,142.22,6484,5552,235.9292069467016,235.37668320643306,0.0,0.0,0.0,0.0,1.050485163830685,1.0,1.1678674351585014,1.0,1.0023474021842,1.0
mc11,1,80.39,102.84,1411,3115,170.2462143895971,191.78075284455474,0.0,0.0,0.0,0.0,0.7816997277323998,1.0,0.45296950240770467,1.0,0.8877127233283302,1.0
mc11,2,106.11,94.23,3386,2184,194.48838138420732,185.7069424245015,0.0,0.0,0.0,0.0,1.1260744985673352,1.0,1.5503663003663004,1.0,1.0472865410687373,1.0
mcsched,0,318.21,358.3,11378,15011,1771.6943599496017,2117.9018134800604,0.0,0.0,0.0,0.0,0.8881105219090147,1.0,0.757977483179002,1.0,0.8365328121790581,1.0
mcsched,2,306.32,298.88,12017,10929,1859.5953523379876,1794.9165624572352,0.0,0.0,0.0,0.0,1.0248929336188437,1.0,1.0995516515692194,1.0,1.0360344270221717,1.0
mushroom-best,0,579.5,871.57,27393,47519,20569.405130947434,25617.40196815502,0.0,0.0,0.0,0.0,0.6648920912835458,1.0,0.5764641511816326,1.0,0.8029465734471143,1.0
mzzv42z,0,175.26,170.76,415,366,1846.7208429817506,1847.7003894064956,0.0,0.0,0.0,0.0,1.0263527758257203,1.0,1.133879781420765,1.0,0.9994698564603001,1.0
n2seq36q,1,1061.28,554.86,4712,2560,516.1992337164751,327.1494252873563,0.0,0.0,0.0,0.0,1.912698698770861,1.0,1.840625,1.0,1.5778699084158998,1.0
n2seq36q,2,1170.79,423.63,4632,2461,583.0613026819923,296.7931034482758,0.0,0.0,0.0,0.0,2.7637088969147605,1.0,1.8821617228768792,1.0,1.9645379084207946,1.0
n5-3,0,26.4,28.06,926,1124,232.06858173966697,232.852674892042,0.0,0.0,0.0,0.0,0.9408410548823949,1.0,0.8238434163701067,1.0,0.9966326641824554,1.0
n5-3,1,27.79,28.38,971,1026,237.332336458976,250.20777828500925,0.0,0.0,0.0,0.0,0.9792107117688513,1.0,0.9463937621832359,1.0,0.9485410009461538,1.0
n5-3,2,27.09,25.67,1087,1047,229.2131612584825,224.8454546576188,0.0,0.0,0.0,0.0,1.0553174912349046,1.0,1.0382043935052532,1.0,1.0194253720072508,1.0
neos-3024952-loue,0,4646.86,6210.32,383076,563456,6688.458145836447,7145.8956933024265,0.0,0.0,0.0,0.0,0.7482480773937574,1.0,0.6798685256701499,1.0,0.93598597473306,1.0
neos-3402294-bobin,0,4386.37,1966.8,40294,10587,433836.6198661659,173169.3281784375,0.0,0.0,0.0,0.0,2.230206426682937,1.0,3.805988476433362,1.0,2.5052740253119827,1.0
neos-3402294-bobin,1,618.95,1373.45,3428,9979,61894.99999999942,137344.99999999837,0.0,0.0,0.0,0.0,0.4506534639047654,1.0,0.34352139492935163,1.0,0.45065346390476646,1.0
neos-3402294-bobin,2,1620.92,636.11,9242,1194,162091.99999999843,63610.999999999396,0.0,0.0,0.0,0.0,2.5481756300011007,1.0,7.74036850921273,1.0,2.5481756300011,1.0
neos-4722843-widden,0,2651.33,1099.9,11357,3196,41135.66894980005,40610.82132693651,0.0,0.0,0.0,0.0,2.4105191381034636,1.0,3.5535043804755944,1.0,1.0129238366946156,1.0
neos-4722843-widden,1,1033.65,1359.6,3376,4991,36234.84384829133,32766.72771966582,0.0,0.0,0.0,0.0,0.760260370697264,1.0,0.6764175515928672,1.0,1.1058426144440425,1.0
neos-4722843-widden,2,1714.52,1598.32,7919,9232,24889.37680760002,30398.939678605213,0.0,0.0,0.0,0.0,1.0727013364032234,1.0,0.8577772963604853,1.0,0.8187580577067685,1.0
neos-4738912-atrato,1,3808.9,2792.15,324992,233679,1115.218225547576,906.1508966125087,0.0,0.0,0.0,0.0,1.36414590906649,1.0,1.3907625417773954,1.0,1.2307202141681146,1.0
neos-4738912-atrato,2,914.39,1786.7,95736,209078,197.1885587783188,272.01512592364526,0.0,0.0,0.0,0.0,0.5117758997033637,1.0,0.457896096193765,1.0,0.7249176240062095,1.0
neos-5107597-kakapo,0,2144.47,1811.4,560533,496089,79157.67134285816,76061.31493700328,0.0,0.0,0.0,0.0,1.1838743513304624,1.0,1.1299041099480134,1.0,1.0407086888836907,1.0
neos-5107597-kakapo,1,1725.41,1535.93,472393,414462,65791.30729040563,62051.676467760764,0.0,0.0,0.0,0.0,1.1233649971027326,1.0,1.1397739720408626,1.0,1.0602663946491084,1.0
neos-5107597-kakapo,2,5927.88,4448.8,1725439,1366902,141198.77281605886,124921.20967693129,0.0,0.0,0.0,0.0,1.3324671821614817,1.0,1.26229897973666,1.0,1.1303026378084575,1.0
neos-5188808-nattai,0,1251.29,1269.55,12145,11975,112030.52226645657,110133.78481286383,0.0,0.0,0.0,0.0,0.98561695088811,1.0,1.01419624217119,1.0,1.017222121775036,1.0
neos-5188808-nattai,1,1292.07,1234.26,13554,12593,116539.2023575522,106437.54315396403,0.0,0.0,0.0,0.0,1.0468377813426668,1.0,1.0763122369570397,1.0,1.09490691821941,1.0
neos-5188808-nattai,2,1380.62,1631.65,12548,16454,121752.52831080821,155900.7845829929,0.0,0.0,0.0,0.0,0.8461496031624428,1.0,0.7626109152789595,1.0,0.780961613737062,1.0
neos-5195221-niemur,0,2813.87,3679.7,47466,76893,222849.10062353854,261683.29172411998,0.0,0.0,0.0,0.0,0.7647009267059814,1.0,0.6172993640513441,1.0,0.8515985073226515,1.0
neos-5195221-niemur,1,2911.85,3187.5,25010,31424,181657.16086002917,198417.80192044048,0.0,0.0,0.0,0.0,0.9135215686274509,1.0,0.7958884928716904,1.0,0.915528541803261,1.0
neos-5195221-niemur,2,2890.78,2916.47,33779,28673,205783.3340984274,216943.33642499673,0.0,0.0,0.0,0.0,0.9911914060490937,1.0,1.1780769364907753,1.0,0.9485579851841744,1.0
neos-860300,1,13.35,14.8,2,3,254.40370040612308,255.60998437988133,0.0,0.0,0.0,0.0,0.902027027027027,1.0,0.6666666666666666,1.0,0.995280763477668,1.0
neos-960392,2,1363.87,1368.03,403,438,620.0,615.0,0.0,0.0,0.0,0.0,0.9969591310132088,1.0,0.9200913242009132,1.0,1.008130081300813,1.0
neos17,0,25.95,26.69,22460,23451,293.52685557921615,296.5690901561802,0.0,0.0,0.0,0.0,0.9722742600224803,1.0,0.957741674129035,1.0,0.9897419027203342,1.0
neos17,2,9.84,9.75,6376,6418,180.50457697735536,177.12123466819847,0.0,0.0,0.0,0.0,1.0092307692307692,1.0,0.9934559052664381,1.0,1.0191018446517432,1.0
neos5,0,1007.54,1164.17,3292114,3845856,2753.1435233333345,3266.979983333334,0.0,0.0,0.0,0.0,0.8654577939647988,1.0,0.8560159298736094,1.0,0.8427182098998578,1.0
neos5,1,1234.24,1506.52,4202380,5016275,3320.6397799999995,4249.1764,0.0,0.0,0.0,0.0,0.8192655922257919,1.0,0.83774912659294,1.0,0.7814784483882569,1.0
neos5,2,1183.51,1732.23,4100005,5988757,3204.48606,4404.868116666667,0.0,0.0,0.0,0.0,0.6832291323900406,1.0,0.6846170248684327,1.0,0.7274874014673015,1.0
net12,0,1842.42,1669.1,1211,1277,98181.66575864486,89115.28832499999,0.0,0.0,0.0,0.0,1.103840393026182,1.0,0.9483163664839468,1.0,1.1017376210530807,1.0
net12,2,1561.43,1598.93,1695,2932,86543.980717243,88630.83608448597,0.0,0.0,0.0,0.0,0.976546815682988,1.0,0.5781036834924966,1.0,0.9764545223825519,1.0
ns1830653,0,287.45,268.69,14558,18612,10758.661136892639,10019.840760110563,0.0,0.0,0.0,0.0,1.069820238937065,1.0,0.7821835375026864,1.0,1.0737357403645926,1.0
ns1830653,1,134.33,147.82,7527,10024,5233.47512365435,4837.84686305887,0.0,0.0,0.0,0.0,0.9087403598971724,1.0,0.7508978451715882,1.0,1.0817777560543393,1.0
ns1830653,2,148.24,149.87,7267,9029,4822.628189312385,4900.349430220153,0.0,0.0,0.0,0.0,0.9891239073864015,1.0,0.8048510355521099,1.0,0.9841396533013613,1.0
nw04,1,31.39,32.44,5,6,905.755435298304,907.2710413948523,0.0,0.0,0.0,0.0,0.967632552404439,1.0,0.8333333333333334,1.0,0.9983294891742404,1.0
pg,0,101.85,85.76,2687,1362,414.55623662628653,394.0229993867981,0.0,0.0,0.0,0.0,1.1876166044776117,1.0,1.9728340675477238,1.0,1.0521117733519196,1.0
pg,1,86.23,81.84,1372,812,403.30126808727306,412.03082990931597,0.0,0.0,0.0,0.0,1.0536412512218964,1.0,1.6896551724137931,1.0,0.9788133285463998,1.0
pg,2,107.44,93.53,2311,1122,386.20445054539334,422.7394842103245,0.0,0.0,0.0,0.0,1.1487223350796536,1.0,2.0597147950089125,1.0,0.91357553521839,1.0
pg5_34,0,1173.22,1342.11,148717,158032,335.5787683169813,336.7072633342497,0.0,0.0,0.0,0.0,0.8741608362950877,1.0,0.941056241773818,1.0,0.9966484387473752,1.0
pg5_34,1,1134.07,956.96,144543,135411,385.6941524919923,337.4918549371921,0.0,0.0,0.0,0.0,1.185075656244775,1.0,1.0674391297605068,1.0,1.1428250692561774,1.0
pg5_34,2,1085.15,1368.44,121673,164501,315.6171297911395,334.82405226573394,0.0,0.0,0.0,0.0,0.79298325100114,1.0,0.7396489990942304,1.0,0.942635774387705,1.0
piperout-08,0,797.03,769.39,130,107,1227.7038103234577,1237.7178041661668,0.0,0.0,0.0,0.0,1.0359245636153316,1.0,1.2149532710280373,1.0,0.991909307752541,1.0
piperout-08,1,606.54,617.54,552,797,1437.5890048378715,1437.5839750509776,0.0,0.0,0.0,0.0,0.9821873886711792,1.0,0.6925972396486826,1.0,1.0000034987777975,1.0
piperout-08,2,923.85,668.62,596,123,1457.6838990844028,1447.6695933789133,0.0,0.0,0.0,0.0,1.381726541234184,1.0,4.845528455284553,1.0,1.0069175354316282,1.0
piperout-27,2,332.32,254.35,72,125,2233.87976304776,2249.713014524865,0.0,0.0,0.0,0.0,1.3065460978965993,1.0,0.576,1.0,0.9929621016659103,1.0
pk1,0,107.55,107.76,301100,302166,5563.693037727272,5581.786995727273,0.0,0.0,0.0,0.0,0.9980512249443206,1.0,0.9964721378315231,1.0,0.9967583933220935,1.0
pk1,1,109.16,122.66,317026,355700,5634.385423181818,6359.269295363636,0.0,0.0,0.0,0.0,0.8899396706342736,1.0,0.8912735451222941,1.0,0.8860114521788988,1.0
pk1,2,112.34,126.62,328715,358285,5927.717167363637,6384.033591454545,0.0,0.0,0.0,0.0,0.8872216079608277,1.0,0.9174679375357606,1.0,0.9285222394973426,1.0
rail507,1,180.04,178.7,783,807,535.9986402298842,530.1978735632176,0.0,0.0,0.0,0.0,1.0074986010072748,1.0,0.9702602230483272,1.0,1.010940758075249,1.0
rail507,2,193.43,189.56,771,783,550.3129764367807,546.4423091954013,0.0,0.0,0.0,0.0,1.0204156995146656,1.0,0.9846743295019157,1.0,1.0070833959527743,1.0
ran14x18-disj-8,0,2109.62,1607.37,656920,507875,4720.022399515085,3831.913961206897,0.0,0.0,0.0,0.0,1.3124669491156362,1.0,1.2934678808762,1.0,1.2317662784966263,1.0
ran14x18-disj-8,1,1785.31,1299.76,564900,415692,4187.8742715517255,3301.1352254849135,0.0,0.0,0.0,0.0,1.3735689665784452,1.0,1.3589388297104588,1.0,1.2686163957238548,1.0
ran14x18-disj-8,2,1694.59,1706.14,593570,566717,4183.58199137931,4166.090366648705,0.0,0.0,0.0,0.0,0.9932303327980118,1.0,1.0473834382945986,1.0,1.004198570648067,1.0
reblock115,0,4390.48,7200.0,704168,1094405,1478.2679172660025,2030.109424200339,0.0,0.08,0.0,1.0,0.6097888888888888,1.0,0.6434254229467153,1.0,0.7281715456536502,1.0
reblock115,1,6605.46,6529.63,882785,948735,1973.6116948011038,1903.5588298217124,0.0,0.0,0.0,0.0,1.0116132154501862,1.0,0.9304863845014677,1.0,1.0368009981524724,1.0
reblock115,2,5894.68,6270.39,832788,823230,1732.8197741363647,1774.8634356313523,0.0,0.0,0.0,0.0,0.9400818768848509,1.0,1.0116103640537881,1.0,0.976311607613894,1.0
rmatr100-p10,2,160.62,161.37,827,783,1470.6039044917256,1501.2416125295508,0.0,0.0,0.0,0.0,0.9953522959657929,1.0,1.0561941251596425,1.0,0.9795917540640234,1.0
rocI-4-11,0,638.21,661.34,12970,12554,29120.536456756792,30171.967411043377,0.0,0.0,0.0,0.0,0.9650255541778813,1.0,1.0331368488131274,1.0,0.9651520585329233,1.0
rocI-4-11,1,1001.8,914.24,17602,15146,45696.66887057146,41706.32084004216,0.0,0.0,0.0,0.0,1.0957735386769338,1.0,1.162155024428892,1.0,1.0956772966340915,1.0
rocI-4-11,2,498.07,482.83,9550,8950,22732.554795173884,22035.367722231065,0.0,0.0,0.0,0.0,1.0315639044798377,1.0,1.0670391061452513,1.0,1.031639457155028,1.0
rococoC10-001000,0,765.76,883.92,53303,55404,3637.21907591623,4363.838207678881,0.0,0.0,0.0,0.0,0.8663227441397412,1.0,0.962078550285178,1.0,0.8334908176742101,1.0
rococoC10-001000,1,851.99,1049.18,63090,63513,3615.585901396161,4856.570260907502,0.0,0.0,0.0,0.0,0.812053222516632,1.0,0.9933399461527561,1.0,0.7444730966829561,1.0
rococoC10-001000,2,1626.91,1106.25,162527,108129,4950.877458115184,3926.680187609076,0.0,0.0,0.0,0.0,1.470653107344633,1.0,1.5030842789630905,1.0,1.2608303252549156,1.0
roi2alpha3n4,0,1424.8,1645.16,12529,14967,16490.963905553228,17624.966780456023,0.0,0.0,0.0,0.0,0.8660555812200637,1.0,0.8371083049375292,1.0,0.9356592900838674,1.0
roi2alpha3n4,1,1940.46,2230.29,17446,20396,21184.919493934634,22973.705347588,0.0,0.0,0.0,0.0,0.8700482896843011,1.0,0.8553637968229064,1.0,0.9221376862552488,1.0
roll3000,0,36.86,35.36,1986,2179,110.03812966581091,103.94673177219317,0.0,0.0,0.0,0.0,1.042420814479638,1.0,0.911427260211106,1.0,1.0586011487784674,1.0
roll3000,1,38.91,37.96,2149,1831,99.82461440423535,96.70039025644688,0.0,0.0,0.0,0.0,1.0250263435194942,1.0,1.1736755871108684,1.0,1.0323082889273054,1.0
roll3000,2,60.26,38.62,3736,1824,131.74724226888856,110.06377812137369,0.0,0.0,0.0,0.0,1.5603314344899017,1.0,2.0482456140350878,1.0,1.1970081757833468,1.0
s250r10,1,6366.45,6224.25,45426,45419,28982.309967563022,28445.108061298393,0.0,0.0,0.0,0.0,1.0228461260392818,1.0,1.0001541205222484,1.0,1.0188855639116214,1.0
seymour1,0,90.45,80.87,1627,1539,98.1624287543035,95.05164966818678,0.0,0.0,0.0,0.0,1.1184617287003833,1.0,1.0571799870045484,1.0,1.0327272498370734,1.0
seymour1,1,67.9,65.65,1466,1370,85.56234964084783,77.57118391310142,0.0,0.0,0.0,0.0,1.0342726580350343,1.0,1.07007299270073,1.0,1.1030171943320919,1.0
seymour1,2,72.05,72.74,1822,1685,88.61467649594047,87.60023558336744,0.0,0.0,0.0,0.0,0.9905141600219962,1.0,1.081305637982196,1.0,1.0115803445711926,1.0
splice1k1,2,7200.0,4746.83,834,532,559613.0508281598,372885.6535371393,358.74,0.0,inf,0.0,1.5168017392659945,1.0,1.5676691729323309,1.0,1.5007631576054252,1.0
supportcase26,1,5238.22,3371.98,6761735,4347822,42136.51904782413,29769.177250333,0.0,0.0,0.0,0.0,1.5534552399480424,1.0,1.555200511888481,1.0,1.4154411690149342,1.0
supportcase26,2,4487.28,5922.38,5497025,7264783,39451.952276387834,51779.617018780526,0.0,0.0,0.0,0.0,0.7576818778936846,1.0,0.7566674737566146,1.0,0.7619205113486754,1.0
supportcase33,0,1598.38,1568.43,12756,13263,20589.541389960836,20326.452320364227,0.0,0.0,0.0,0.0,1.0190955286496688,1.0,0.9617733544446958,1.0,1.0129431868114551,1.0
supportcase40,1,946.94,946.22,7991,7931,2192.5045664375266,2195.3708424115384,0.0,0.0,0.0,0.0,1.0007609224070513,1.0,1.007565250283697,1.0,0.9986944000901172,1.0
supportcase7,1,193.62,193.47,45,47,2398.1424919217116,2390.9079463053163,0.0,0.0,0.0,0.0,1.000775314002171,1.0,0.9574468085106383,1.0,1.0030258570295754,1.0
swath1,0,21.09,21.15,281,285,261.84366437022675,263.9471311413586,0.0,0.0,0.0,0.0,0.997163120567376,1.0,0.9859649122807017,1.0,0.9920307269033913,1.0
swath1,1,17.34,17.95,245,257,227.21935845890266,233.02022696412502,0.0,0.0,0.0,0.0,0.966016713091922,1.0,0.953307392996109,1.0,0.9751057297437298,1.0
swath1,2,19.82,18.29,292,260,247.56353363772197,237.85450557093515,0.0,0.0,0.0,0.0,1.0836522689994532,1.0,1.123076923076923,1.0,1.0408191892076282,1.0
swath3,0,226.2,243.56,28316,31878,1821.0849870830593,1890.4354986819756,0.0,0.0,0.0,0.0,0.9287239283954671,1.0,0.8882614969571492,1.0,0.9633150606581035,1.0
swath3,1,182.91,183.58,21837,21504,1366.3576742147566,1434.5124166434327,0.0,0.0,0.0,0.0,0.9963503649635036,1.0,1.0154854910714286,1.0,0.9524892628059999,1.0
swath3,2,427.45,421.75,74192,74953,3250.751069608749,3254.986060379954,0.0,0.0,0.0,0.0,1.0135151155898043,1.0,0.9898469707683482,1.0,0.9986989219945505,1.0
timtab1,0,73.73,73.25,64175,60661,984.6586518596392,1046.2932253011354,0.0,0.0,0.0,0.0,1.006552901023891,1.0,1.057928487825786,1.0,0.9410924471734422,1.0
timtab1,1,67.9,65.75,51540,49252,931.5505124403091,938.9431712981125,0.0,0.0,0.0,0.0,1.0326996197718632,1.0,1.046454966295785,1.0,0.9921266173674997,1.0
timtab1,2,70.92,70.44,55054,54418,930.4513441914713,903.5991250987224,0.0,0.0,0.0,0.0,1.0068143100511073,1.0,1.0116873093461722,1.0,1.0297169600400125,1.0
tr12-30,0,606.97,720.2,423661,499607,76.46148580354655,82.64980397561901,0.0,0.0,0.0,0.0,0.8427797833935018,1.0,0.8479885189759151,1.0,0.925126039332193,1.0
tr12-30,1,650.32,657.58,475420,486251,68.06324466293009,67.00175043646038,0.0,0.0,0.0,0.0,0.9889595182335229,1.0,0.9777254956802145,1.0,1.0158427835027437,1.0
tr12-30,2,397.52,403.35,213946,215444,47.14426016110756,48.642459187111285,0.0,0.0,0.0,0.0,0.9855460518160406,1.0,0.9930469170642952,1.0,0.9691997680413185,1.0
uct-subprob,1,1631.6,1813.07,59559,65873,8419.30769426752,9021.438254140123,0.0,0.0,0.0,0.0,0.8999100972383857,1.0,0.9041488925659982,1.0,0.9332555915243035,1.0
uct-subprob,2,2506.36,2485.14,95674,94985,11342.06881624204,11258.274914968157,0.0,0.0,0.0,0.0,1.0085387543558915,1.0,1.0072537769121441,1.0,1.007442872190168,1.0
unitcal_7,1,298.12,296.89,180,176,672.3522624655749,672.3728010203229,0.0,0.0,0.0,0.0,1.0041429485668094,1.0,1.0227272727272727,1.0,0.9999694536204963,1.0
var-smallemery-m6j6,2,6729.45,6115.89,683202,669677,9102.060902958929,8611.584548946586,0.0,0.0,0.0,0.0,1.100322275253479,1.0,1.0201963035911343,1.0,1.0569554129352814,1.0
