ProblemName,Seed,T_combined,T_confgraph,T_dualproof,T_noLPinf,N_combined,N_confgraph,N_dualproof,N_noLPinf,DI_combined,DI_confgraph,DI_dualproof,DI_noLPinf,Gap_combined,Gap_confgraph,Gap_dualproof,Gap_noLPinf,GapQ_combined,GapQ_confgraph,GapQ_dualproof,GapQ_noLPinf,TQ_combined,TQ_confgraph,TQ_dualproof,TQ_noLPinf,NQ_combined,NQ_confgraph,NQ_dualproof,NQ_noLPinf,DIQ_combined,DIQ_confgraph,DIQ_dualproof,DIQ_noLPinf
30n20b8,0,149.68,150.59,268.76,270.17,171,171,225,314,8157.48127384106,8207.461766887418,13723.922474172185,13790.30628940397,0.0,0.0,0.0,0.0,0.0,0.0,0.0,0.0,0.5540215419920791,0.5573897916126883,0.9947810637746604,1.0,0.5445859872611465,0.5445859872611465,0.7165605095541401,1.0,0.5915373525901312,0.5951616733265576,0.9951861971852799,1.0
30n20b8,1,623.6,544.01,1228.78,2040.89,1999,1286,3940,7991,24175.587104304643,20651.694382450332,43280.980947019874,70776.09299006624,0.0,0.0,0.0,0.0,0.0,0.0,0.0,0.0,0.3055529695377997,0.2665552773544875,0.6020804648952173,1.0,0.2501564259792266,0.1609310474283569,0.49305468652233764,1.0,0.34157843535807775,0.2917891269492496,0.6115197818717482,1.0
30n20b8,2,693.56,1350.91,7200.0,7200.0,3499,3345,33226,61015,33380.86676655629,68973.84658609272,362575.12785099336,273174.31320529804,0.0,0.0,133.77,74.75,0.0,0.0,1.7895652173913046,1.0,0.09632777777777778,0.1876263888888889,1.0,1.0,0.05734655412603458,0.05482258461034172,0.5445546177169548,1.0,0.12219621374675022,0.2524902351790923,1.3272665485883666,1.0
CMS750_4,0,185.73,192.32,7200.0,7200.0,2028,2622,418086,545243,236.69047619047618,241.9206349206349,3801.502099206347,3921.154311507935,0.0,0.0,0.4,0.4,0.0,0.0,1.0,1.0,0.02579583333333333,0.02671111111111111,1.0,1.0,0.003719442523792144,0.004808865038157298,0.7667883860957408,1.0,0.060362448755415986,0.06169628015164773,0.9694854619848985,1.0
CMS750_4,1,370.72,371.44,1238.9,1691.51,3254,2805,44234,63058,353.7340238095247,343.2378583333322,987.7928888888902,1328.0291547619056,0.0,0.0,0.0,0.0,0.0,0.0,0.0,0.0,0.21916512465193821,0.21959077983576805,0.7324225100649716,1.0,0.05160328586380792,0.044482857052237625,0.7014811760601352,1.0,0.26636013414400045,0.25845656859458727,0.7438036170719352,1.0
CMS750_4,2,473.12,505.84,363.74,1368.9,13518,12259,8870,50759,409.4761904761905,478.1124817460313,361.32119126984145,662.9109246031726,0.0,0.0,0.0,0.0,0.0,0.0,0.0,0.0,0.3456205712615969,0.3695229746511797,0.26571699905033236,1.0,0.26631730333536907,0.241513820209224,0.17474733544790086,1.0,0.6176941354848066,0.7212318638921751,0.545052401250037,1.0
air05,0,40.07,39.52,39.77,40.11,648,648,985,985,100.02059907484637,99.45184006976564,95.39802494881319,105.74760483809807,0.0,0.0,0.0,0.0,0.0,0.0,0.0,0.0,0.9990027424582398,0.9852904512590377,0.9915233108950388,1.0,0.6578680203045685,0.6578680203045685,1.0,1.0,0.9458426905080274,0.9404642329443642,0.9021294155538528,1.0
air05,1,36.54,35.63,31.23,30.6,716,716,465,465,94.20627056950015,93.23598089027058,90.66573178129968,89.97109274285272,0.0,0.0,0.0,0.0,0.0,0.0,0.0,0.0,1.1941176470588235,1.1643790849673203,1.0205882352941176,1.0,1.5397849462365591,1.5397849462365591,1.0,1.0,1.047072650754082,1.0362881904385586,1.0077206913606387,1.0
air05,2,30.22,31.16,33.72,31.76,282,282,432,321,87.80452756502615,89.04346060514143,88.00650337453558,83.30401114734201,0.0,0.0,0.0,0.0,0.0,0.0,0.0,0.0,0.9515113350125943,0.9811083123425692,1.0617128463476069,1.0,0.8785046728971962,0.8785046728971962,1.3457943925233644,1.0,1.054025206658104,1.0688976362452451,1.056449769494006,1.0
app1-1,1,4.94,4.78,4.8,4.61,3,3,3,6,323.57328085036335,313.32700458593865,315.3282773078763,306.07862122732257,0.0,0.0,0.0,0.0,0.0,0.0,0.0,0.0,1.0715835140997831,1.0368763557483731,1.0412147505422993,1.0,0.5,0.5,0.5,1.0,1.0571574046984733,1.0236814427925456,1.030219869795101,1.0
app1-1,2,4.17,3.8,3.7,2.97,6,2,2,2,221.01774098094754,225.01556084750922,220.86575175913245,183.2726787738458,0.0,0.0,0.0,0.0,0.0,0.0,0.0,0.0,1.404040404040404,1.2794612794612794,1.2457912457912457,1.0,3.0,1.0,1.0,1.0,1.2059502947172953,1.2277638017457755,1.2051209882280143,1.0
app1-2,0,642.8,735.09,709.34,816.08,33,30,22,52,36383.844121706585,43646.5060027417,42031.45435091943,45533.18700101926,0.0,0.0,0.0,0.0,0.0,0.0,0.0,0.0,0.7876678756984609,0.9007572786981668,0.8692039996078815,1.0,0.6346153846153846,0.5769230769230769,0.4230769230769231,1.0,0.7990621021298626,0.9585647058213754,0.9230949362270329,1.0
app1-2,1,789.47,730.11,638.65,781.66,20,25,18,46,44698.36789757741,42145.51558982228,34397.5123123706,44712.8024300135,0.0,0.0,0.0,0.0,0.0,0.0,0.0,0.0,1.009991556431185,0.9340506102397462,0.81704321572039,1.0,0.43478260869565216,0.5434782608695652,0.391304347826087,1.0,0.9996771722716623,0.942582734682988,0.7692989578591308,1.0
app1-2,2,618.36,768.86,588.01,654.39,20,24,16,22,37335.62179865141,43850.96528879582,35741.54983541774,38462.377237612316,0.0,0.0,0.0,0.0,0.0,0.0,0.0,0.0,0.9449410901755834,1.1749262672106848,0.8985620195907639,1.0,0.9090909090909091,1.0909090909090908,0.7272727272727273,1.0,0.970704997457644,1.1401002339999413,0.9292600302527874,1.0
beasleyC3,0,31.56,31.47,31.66,31.53,83,83,97,97,57.36058461538471,56.855530636604875,56.342162201591606,55.628482625994785,0.0,0.0,0.0,0.0,0.0,0.0,0.0,0.0,1.000951474785918,0.9980970504281635,1.0041230574056454,1.0,0.8556701030927835,0.8556701030927835,1.0,1.0,1.031136962714502,1.022057909054609,1.0128293913820205,1.0
beasleyC3,2,47.2,46.75,31.85,31.84,453,424,120,120,60.5070464190982,59.95372745358091,57.46824336870037,57.65472970822291,0.0,0.0,0.0,0.0,0.0,0.0,0.0,0.0,1.4824120603015076,1.4682788944723617,1.0003140703517588,1.0,3.775,3.533333333333333,1.0,1.0,1.049472380242006,1.039875267076833,0.9967654632938824,1.0
binkar10_1,0,31.34,38.0,29.29,28.74,2560,2899,1956,1910,16.530218892167426,13.482042785835343,16.303323347103102,16.10565038938465,0.0,0.0,0.0,0.0,0.0,0.0,0.0,0.0,1.0904662491301322,1.3221990257480865,1.0191370911621433,1.0,1.3403141361256545,1.5178010471204189,1.024083769633508,1.0,1.0263614627486644,0.8371001766387189,1.0122735159983816,1.0
binkar10_1,1,29.22,29.45,36.02,36.65,2246,2325,2595,2823,11.699173704422169,11.71818816894641,12.863425716471033,18.01209992671697,0.0,0.0,0.0,0.0,0.0,0.0,0.0,0.0,0.7972714870395634,0.8035470668485676,0.9828103683492497,1.0,0.7956075097414098,0.8235919234856536,0.9192348565356004,1.0,0.6495174772525567,0.6505731267660284,0.7141546942780937,1.0
binkar10_1,2,28.71,30.89,36.61,35.09,2509,2376,3144,2658,16.276617190935752,17.458604634307537,17.643973413577946,13.455223928248113,0.0,0.0,0.0,0.0,0.0,0.0,0.0,0.0,0.8181818181818181,0.8803077799943003,1.043317184383015,1.0,0.9439428141459744,0.8939051918735892,1.182844243792325,1.0,1.2096875739662987,1.297533562236349,1.3113102767866913,1.0
bnatt400,0,970.91,1088.34,786.23,1013.96,6821,8660,5563,5873,97091.0,108833.99999999999,78623.0,101396.0,0.0,0.0,0.0,0.0,0.0,0.0,0.0,0.0,0.9575427038541954,1.0733559509250856,0.7754053414335871,1.0,1.1614166524774392,1.4745445257960157,0.9472160735569556,1.0,0.9575427038541955,1.0733559509250856,0.7754053414335871,1.0
bnatt400,1,1105.02,977.85,921.03,839.92,6346,5297,7122,7439,110502.0,97785.0,92103.0,83992.0,0.0,0.0,0.0,0.0,0.0,0.0,0.0,0.0,1.315625297647395,1.1642180207638824,1.0965687208305552,1.0,0.8530716494152439,0.7120580723215486,0.9573867455303132,1.0,1.315625297647395,1.1642180207638824,1.0965687208305552,1.0
bnatt400,2,745.15,942.35,1071.66,779.62,5500,7395,8178,5485,74515.0,94235.0,107166.0,77962.0,0.0,0.0,0.0,0.0,0.0,0.0,0.0,0.0,0.9557861522280084,1.2087298940509479,1.3745927503142557,1.0,1.0027347310847767,1.348222424794895,1.490975387420237,1.0,0.9557861522280086,1.2087298940509479,1.3745927503142557,1.0
bnatt500,0,4368.17,4207.7,5371.93,5290.44,29526,31759,37706,37595,436817.0,420770.0,537193.0,529044.0,0.0,0.0,0.0,0.0,0.0,0.0,0.0,0.0,0.8256723448333221,0.7953402741548907,1.0154032556838375,1.0,0.785370394999335,0.8447665913020348,1.0029525202819525,1.0,0.825672344833322,0.7953402741548907,1.0154032556838373,1.0
bnatt500,1,6333.06,6250.27,6434.0,6215.26,38962,38236,40497,34819,633306.0,625027.0,643400.0,621526.0,0.0,0.0,0.0,0.0,0.0,0.0,0.0,0.0,1.0189533503023205,1.0056329099667594,1.0351940224544105,1.0,1.118986760102243,1.0981360751313938,1.1630718860392315,1.0,1.0189533503023205,1.0056329099667591,1.0351940224544105,1.0
bnatt500,2,4996.9,5003.35,4014.0,3370.42,29029,29313,27097,24977,499689.99999999994,500335.00000000006,401400.0,337042.0,0.0,0.0,0.0,0.0,0.0,0.0,0.0,0.0,1.4825748719744125,1.4844885800582717,1.1909494959085218,1.0,1.162229250910838,1.173599711734796,1.0848780878408135,1.0,1.4825748719744125,1.484488580058272,1.1909494959085218,1.0
bppc4-08,2,7200.0,7200.0,7200.0,6352.91,793397,763383,825334,761343,13609.452830188678,13609.452830188678,13609.433962264151,12011.150943396226,1.92,1.92,1.92,0.0,inf,inf,inf,0.0,1.1333388950890222,1.1333388950890222,1.1333388950890222,1.0,1.042101917269877,1.0026794756108612,1.0840501587326605,1.0,1.1330681709292152,1.1330681709292152,1.1330666000618923,1.0
brazil3,0,3360.46,7200.0,7200.0,7200.0,2570,8723,7483,8234,19964.97339208332,39179.136596874974,33318.82332812497,39159.57283583331,0.0,24.46,15.88,88.6,0.0,0.2760722347629797,0.17923250564334087,1.0,0.46673055555555554,1.0,1.0,1.0,0.31212047607481175,1.0593879038134564,0.9087928102987612,1.0,0.5098363425919242,1.0004995907673375,0.8508474662838071,1.0
brazil3,1,4252.19,4311.7,7200.0,7200.0,2347,2243,2280,4781,100252.26529645834,101377.01341104167,191847.29454208334,158577.6629520833,0.0,0.0,71.43,25.81,0.0,0.0,2.7675319643549017,1.0,0.5905819444444443,0.5988472222222222,1.0,1.0,0.49090148504496967,0.4691487136582305,0.47688768040158963,1.0,0.6321966374718936,0.6392893647428408,1.2098002390163423,1.0
brazil3,2,3785.08,3063.82,2444.4,2900.92,3302,2100,1101,1474,4574.0625,4213.541666666666,3882.8125,4111.510416666666,0.0,0.0,0.0,0.0,0.0,0.0,0.0,0.0,1.3047860678681245,1.056154599230589,0.8426292348634227,1.0,2.2401628222523744,1.4246947082767978,0.7469470827679783,1.0,1.1125017418071725,1.0248160018241472,0.9443761796784942,1.0
chromaticindex1024-7,2,6429.72,6472.23,7200.0,7200.0,757,772,718,718,170155.5,171105.75,189488.75,189404.25,0.0,0.0,33.33,33.33,0.0,0.0,1.0,1.0,0.8930166666666667,0.8989208333333333,1.0,1.0,1.0543175487465182,1.075208913649025,1.0,1.0,0.8983721326211002,0.9033891794930684,1.0004461357123717,1.0
chromaticindex512-7,0,1172.37,1154.13,2000.65,2004.52,361,365,707,707,31401.75,30949.5,52146.25,52243.0,0.0,0.0,0.0,0.0,0.0,0.0,0.0,0.0,0.584863209147327,0.5757637738710515,0.9980693632390797,1.0,0.5106082036775106,0.5162659123055162,1.0,1.0,0.6010709568746052,0.5924142947380511,0.998148077254369,1.0
chromaticindex512-7,1,3689.97,3586.68,7200.0,7200.0,3133,3461,11439,60358,94038.0,91467.0,181789.0,181811.25,0.0,0.0,33.33,33.33,0.0,0.0,1.0,1.0,0.5124958333333333,0.49815,1.0,1.0,0.05190695516750058,0.05734119752145532,0.18951920209417145,1.0,0.517228719344925,0.5030876802178083,0.9998776203342753,1.0
cost266-UUE,0,4923.15,6154.27,7200.0,7200.0,375684,498762,636741,686321,18442.076416295735,24507.270328492887,39754.28556581706,40669.19943328854,0.0,0.0,3.96,3.89,0.0,0.0,1.0179948586118253,1.0,0.6837708333333333,0.8547597222222223,1.0,1.0,0.5473881755038823,0.7267182557433038,0.9277597509037316,1.0,0.45346544002045275,0.6026002643276328,0.9775035191196165,1.0
cost266-UUE,1,3728.83,7200.0,7200.0,7200.0,294630,31821,636961,585106,13227.091766782543,42636.86698220098,33505.1559682878,30019.375973267604,0.0,6.02,2.91,2.59,0.0,2.324324324324324,1.1235521235521237,1.0,0.5178930555555555,1.0,1.0,1.0,0.503549784141677,0.05438501741564776,1.0886249670999784,1.0,0.4406184784973988,1.4203115687737584,1.116117670071633,1.0
cost266-UUE,2,4067.72,7196.88,7200.0,7200.0,306702,593150,688748,668583,15450.64854860508,26413.048929456738,33195.5178751275,33268.46268350316,0.0,0.0,2.76,2.9,0.0,0.0,0.9517241379310344,1.0,0.5649611111111111,0.9995666666666667,1.0,1.0,0.45873436805901435,0.8871748159914327,1.0301608027724307,1.0,0.4644232796565799,0.7939365633072725,0.9978073886650666,1.0
csched007,0,2327.77,2355.58,7200.0,7200.0,187288,198606,689922,687997,16205.184854415957,17020.275022792026,62622.12107264957,68788.75159116808,0.0,0.0,7.64,10.27,0.0,0.0,0.7439143135345667,1.0,0.3233013888888889,0.32716388888888887,1.0,1.0,0.27222211724760426,0.2886727703754522,1.0027979773167615,1.0,0.23557899336112637,0.24742817145379464,0.9103540858661221,1.0
csched007,1,2613.95,1855.85,7200.0,7200.0,220934,142275,700322,802729,16818.595935897436,11746.239579772082,62577.61070227922,65338.498602564105,0.0,0.0,7.25,9.36,0.0,0.0,0.7745726495726496,1.0,0.3630486111111111,0.2577569444444444,1.0,1.0,0.27522862634836914,0.17723914297353155,0.8724264353225061,1.0,0.25740713814378063,0.17977516825449552,0.9577448524325819,1.0
csched007,2,3393.08,4504.79,7200.0,1730.41,247755,290068,717094,130969,21171.48683076923,25459.21121054131,54469.426854700854,12508.327607692308,0.0,0.0,5.85,0.0,0.0,0.0,inf,0.0,1.9608532081992127,2.6033078865702346,4.160863610358239,1.0,1.8917071978865228,2.214783651093007,5.475295680657255,1.0,1.692591327536808,2.0353809085464416,4.354653041003141,1.0
csched008,2,5772.95,4674.39,7200.0,7200.0,546382,404774,716469,467706,3644.5367774566475,4318.10096531791,8338.526011560692,8338.526011560692,0.0,0.0,2.34,2.34,0.0,0.0,1.0,1.0,0.8017986111111111,0.6492208333333334,1.0,1.0,1.1682167857585748,0.865445386631773,1.5318790009108285,1.0,0.43707206434372115,0.5178494327811908,1.0,1.0
dano3_3,0,143.7,161.59,152.34,146.25,10,10,10,12,1862.9259719075267,1870.6513092066045,1870.5721802442854,1870.4854774064238,0.0,0.0,0.0,0.0,0.0,0.0,0.0,0.0,0.9825641025641025,1.1048888888888888,1.0416410256410256,1.0,0.8333333333333334,0.8333333333333334,0.8333333333333334,1.0,0.9959585329101945,1.0000886570904632,1.000046353120037,1.0
dano3_3,1,142.65,141.75,142.36,142.06,14,12,14,12,1263.5882429307567,1263.57275918685,1261.0871942955127,1263.5776451938823,0.0,0.0,0.0,0.0,0.0,0.0,0.0,0.0,1.0041531747149093,0.9978178234548782,1.0021117837533438,1.0,1.1666666666666667,1.0,1.1666666666666667,1.0,1.0000083870879757,0.9999961331960477,0.9980290479909627,1.0
dano3_5,0,635.04,634.53,618.61,567.06,276,276,176,220,1347.909644561208,1340.3697228253402,1334.9556207187138,1334.9652834040442,0.0,0.0,0.0,0.0,0.0,0.0,0.0,0.0,1.1198814940217967,1.1189821182943605,1.0909074877438014,1.0,1.2545454545454546,1.2545454545454546,0.8,1.0,1.009696402833905,1.0040483745071747,0.9999927618452327,1.0
dano3_5,1,285.81,283.65,275.18,272.91,159,166,150,150,1780.2608740715739,1780.160278578101,1772.3144534282155,1772.204396433998,0.0,0.0,0.0,0.0,0.0,0.0,0.0,0.0,1.0472683302187533,1.0393536330658457,1.0083177604338427,1.0,1.06,1.1066666666666667,1.0,1.0,1.0045460205683876,1.004489257650027,1.0000621017499105,1.0
drayage-25-23,2,6941.84,7200.0,5817.6,6307.69,552534,629308,290807,370729,1277.0347172139345,1289.94734297159,894.675865605828,861.815435978194,0.0,0.07,0.0,0.0,0.0,inf,0.0,0.0,1.1005360123912242,1.1414638322428656,0.9223027764522354,1.0,1.4903986469901194,1.6974879224446968,0.7844193467465453,1.0,1.481796059691656,1.496779112000297,1.0381293119800483,1.0
eil33-2,0,81.2,67.05,92.42,45.91,343,561,595,715,933.6795582576123,752.2713959310748,1012.9453128446414,521.295098912198,0.0,0.0,0.0,0.0,0.0,0.0,0.0,0.0,1.7686778479634069,1.4604661293835766,2.0130690481376607,1.0,0.4797202797202797,0.7846153846153846,0.8321678321678322,1.0,1.7910768012320646,1.4430816585478397,1.9431322392218622,1.0
eil33-2,1,101.92,66.78,89.73,42.61,395,561,349,675,1109.1921272024756,749.1191142624043,1009.5790682442056,479.65454885501873,0.0,0.0,0.0,0.0,0.0,0.0,0.0,0.0,2.3919267777517015,1.567237737620277,2.105843698662286,1.0,0.5851851851851851,0.8311111111111111,0.5170370370370371,1.0,2.3124812010023117,1.5617888250004577,2.1048045320411686,1.0
eil33-2,2,105.72,55.12,87.43,37.22,541,615,517,571,962.4049616213214,603.949774652654,906.8571666024213,427.0821177408486,0.0,0.0,0.0,0.0,0.0,0.0,0.0,0.0,2.8404083825900055,1.4809242342826436,2.349005910800645,1.0,0.9474605954465849,1.0770577933450087,0.9054290718038529,1.0,2.2534424215937414,1.4141303266158474,2.1233789215981593,1.0
fast0507,0,322.23,305.72,260.94,263.98,1284,1377,1045,1041,580.8892862068959,557.8319126436767,525.2018270114937,526.0231568965506,0.0,0.0,0.0,0.0,0.0,0.0,0.0,0.0,1.2206606561103113,1.1581180392453974,0.9884839760587922,1.0,1.2334293948126802,1.3227665706051874,1.0038424591738713,1.0,1.1043036387105967,1.0604702574973932,0.998438605079855,1.0
fast0507,1,280.17,180.0,265.86,180.54,1223,789,1032,779,550.1830798850568,469.14652011494195,537.4871867816086,474.1439160919535,0.0,0.0,0.0,0.0,0.0,0.0,0.0,0.0,1.5518444666001996,0.9970089730807578,1.4725822532402792,1.0,1.5699614890885751,1.012836970474968,1.3247753530166881,1.0,1.1603714847167976,0.9894601706203431,1.1335950299895243,1.0
fast0507,2,365.44,245.54,165.64,160.11,1711,1054,725,709,604.7471241379305,508.29605402298773,454.59104137931024,448.94815402298843,0.0,0.0,0.0,0.0,0.0,0.0,0.0,0.0,2.282430828805196,1.533570670164262,1.0345387546062081,1.0,2.4132581100141044,1.4866008462623412,1.0225669957686883,1.0,1.3470310963946281,1.1321932153371999,1.01256912920959,1.0
fastxgemm-n2r6s0t2,0,4702.82,4774.24,4436.56,4526.87,1118937,1136260,1014208,1024921,326247.55928434775,348146.25953043473,333315.43928695645,344899.77651478257,0.0,0.0,0.0,0.0,0.0,0.0,0.0,0.0,1.0388679153587357,1.0546448208143817,0.9800502333842148,1.0,1.091729996750969,1.1086317872304305,0.9895474870746136,1.0,0.9459198918047563,1.0094128301515817,0.9664124536557083,1.0
fastxgemm-n2r6s0t2,1,4017.11,2579.71,2657.63,3208.37,1012967,609753,653762,771817,236190.0877195652,163316.84391956523,185807.05656304347,184782.58450869567,0.0,0.0,0.0,0.0,0.0,0.0,0.0,0.0,1.2520719243728125,0.8040562653309936,0.8283427410180247,1.0,1.3124445302448637,0.790022764463597,0.8470427575448585,1.0,1.278205347909561,0.8838324474884683,1.0055442024315857,1.0
fastxgemm-n2r6s0t2,2,3129.08,4374.81,2060.35,3676.54,769500,1031868,492173,839760,211406.1993217391,315296.12085869565,137027.48180869565,263077.68020086957,0.0,0.0,0.0,0.0,0.0,0.0,0.0,0.0,0.8510936913511072,1.1899258541998727,0.5604046195607827,1.0,0.9163332380680195,1.2287653615318663,0.5860876917214443,1.0,0.8035885034424913,1.198490577452087,0.5208631979120011,1.0
fiball,0,465.55,600.45,394.03,1342.69,4111,5853,4360,20372,249.44762318840577,244.59505797101448,244.59505797101448,244.59505797101448,0.0,0.0,0.0,0.0,0.0,0.0,0.0,0.0,0.3467293269481414,0.4471992790592021,0.29346312253759244,1.0,0.2017965835460436,0.28730610642057725,0.21401924209699588,1.0,1.0198391793262083,1.0,1.0,1.0
fiball,1,447.14,425.63,3821.84,2372.29,3521,3216,70292,38260,229.8099420289855,229.8099420289855,239.62878260869562,234.77621739130436,0.0,0.0,0.0,0.0,0.0,0.0,0.0,0.0,0.18848454446968962,0.17941735622541932,1.6110340641321257,1.0,0.09202822791427077,0.08405645582854156,1.8372190277051752,1.0,0.9788467698410801,0.9788467698410801,1.0206688959866128,1.0
fiball,2,499.03,870.35,1464.73,2260.11,5672,10338,22881,40321,224.38405797101447,224.9573768115942,224.38405797101447,229.20289855072463,0.0,0.0,0.0,0.0,0.0,0.0,0.0,0.0,0.22079898765989264,0.38509187605912987,0.6480790757971957,1.0,0.14067111430768087,0.2563924505840629,0.5674710448649587,1.0,0.9789756560227632,0.9814770154916219,0.9789756560227632,1.0
gen-ip002,0,1315.68,1413.15,1462.75,1637.26,5856334,5796348,6425170,6690190,508.2774467047354,537.3713214727572,565.9406685052278,615.3455389887388,0.0,0.0,0.0,0.0,0.0,0.0,0.0,0.0,0.8035864798504819,0.8631188693304668,0.893413385778679,1.0,0.875361387344754,0.8663951248021357,0.9603867752634828,1.0,0.8260033013971962,0.8732838501695736,0.9197119872442674,1.0
gen-ip002,1,1295.56,1385.7,1205.12,1363.72,5478569,5542663,5345710,5677895,494.6164580802605,524.8856551522408,461.0976149359992,525.8791388418258,0.0,0.0,0.0,0.0,0.0,0.0,0.0,0.0,0.9500190654973161,1.0161176781157422,0.8837004663713958,1.0,0.9648943842744538,0.9761827226463329,0.9414950434976342,1.0,0.9405515859967046,0.998110813652405,0.8768129041047364,1.0
gen-ip002,2,1271.92,1308.21,1220.88,1256.64,5583912,5647374,5404068,5282471,491.4221079150391,491.56544496501516,468.02669017325877,474.83220419689303,0.0,0.0,0.0,0.0,0.0,0.0,0.0,0.0,1.0121594092182327,1.0410380061115354,0.9715431627196334,1.0,1.0570643927813328,1.0690780886445,1.0230189621485855,1.0,1.034938455251167,1.0352403240981178,0.9856675390517272,1.0
gen-ip054,0,3047.64,3157.12,2362.69,2987.96,15245360,15026943,12067757,14800834,1519.5676472901296,1576.403268557068,1186.2488060907776,1454.2759856996938,0.0,0.0,0.0,0.0,0.0,0.0,0.0,0.0,1.0199734936210658,1.0566138770264661,0.7907368237861283,1.0,1.0300338480926143,1.015276774268261,0.8153430408043223,1.0,1.0448963348308484,1.0839780647265624,0.8156971701076666,1.0
gen-ip054,1,2530.93,2349.71,2361.66,2406.71,12476019,11384216,12180453,11923977,1305.3634888918657,1211.6930647043955,1178.142167030243,1232.8517329074314,0.0,0.0,0.0,0.0,0.0,0.0,0.0,0.0,1.0516140291102791,0.9763162159130099,0.9812815004715981,1.0,1.0462968018136902,0.9547331397905245,1.0215092665811079,1.0,1.0588162826469247,0.982837621395772,0.9556235641181547,1.0
gen-ip054,2,3381.24,4437.62,3148.8,3625.1,16438070,21063822,15904430,17356622,1711.353184130085,2095.627877947159,1551.3034493268178,1818.0084276871949,0.0,0.0,0.0,0.0,0.0,0.0,0.0,0.0,0.932730131582577,1.2241372651788915,0.8686105210890734,1.0,0.9470777205380171,1.2135899485510486,0.9163321065585227,1.0,0.9413340213759115,1.152705260345323,0.8532982717249173,1.0
glass-sc,0,2655.26,2660.27,2615.32,2610.23,241329,241365,240737,240737,38823.640581304346,38878.912399999994,38486.59743782609,38417.59842304348,0.0,0.0,0.0,0.0,0.0,0.0,0.0,0.0,1.017251353329017,1.019170724418921,1.0019500197300621,1.0,1.0024591151339428,1.002608655919115,1.0,1.0,1.010569170768814,1.012007881697254,1.0017960262383612,1.0
glass-sc,1,3214.67,3217.14,3100.56,3099.62,289206,289206,287279,287279,46758.05088173914,46793.19889826087,45539.58734695652,45493.898587391304,0.0,0.0,0.0,0.0,0.0,0.0,0.0,0.0,1.0371174531071552,1.037914324981772,1.0003032629806234,1.0,1.0067077649253862,1.0067077649253862,1.0,1.0,1.0277872931008423,1.028559880582089,1.001004283233222,1.0
glass-sc,2,2819.06,2831.5,2834.65,2829.27,251112,251112,259617,259617,41733.04491782608,41891.39998695652,42414.491584782605,42331.629982173916,0.0,0.0,0.0,0.0,0.0,0.0,0.0,0.0,0.9963912952811149,1.000788189179541,1.0019015505766506,1.0,0.9672402038387317,0.9672402038387317,1.0,1.0,0.9858596263692209,0.9896004478116535,1.0019574394523334,1.0
glass4,0,4008.75,4404.19,3730.47,3361.67,2705421,3566262,2847284,3222725,115238.12619050834,137432.32337368792,98546.66609933929,91824.87449565114,0.0,0.0,0.0,0.0,0.0,0.0,0.0,0.0,1.19248766238209,1.3101196726626942,1.1097073775831654,1.0,0.839482425587042,1.1065982980241875,0.8835020052905538,1.0,1.2549772251087157,1.4966785865870884,1.0732022955719531,1.0
glass4,1,2392.84,1461.74,2755.59,3696.91,1888717,1253927,1956253,2574365,65192.70388069259,40339.131942364605,67120.32872146509,93880.4379079853,0.0,0.0,0.0,0.0,0.0,0.0,0.0,0.0,0.6472540581188074,0.39539507318273914,0.745376544195017,1.0,0.7336632528798364,0.48708205712865116,0.7598972950611121,1.0,0.6944226649708397,0.4296862353997758,0.7149554285979312,1.0
glass4,2,2212.84,1664.1,2488.84,7200.0,1599046,1290615,1896614,3880956,59809.337062710845,52171.44025654397,75559.36009121903,196252.2254702159,0.0,0.0,0.0,65.45,0.0,0.0,0.0,1.0,0.3073388888888889,0.231125,0.34567222222222227,1.0,0.412023738480931,0.3325507941857625,0.48869763017153506,1.0,0.3047574972431983,0.26583871918671176,0.3850114815777529,1.0
graphdraw-domain,0,1010.47,1495.01,1079.9,1054.45,1823083,2660827,1914872,1819134,16022.469596159708,20145.311587422533,17966.0919282739,17847.873021436557,0.0,0.0,0.0,0.0,0.0,0.0,0.0,0.0,0.9582910522073118,1.4178102328227986,1.0241358053961782,1.0,1.0021708131451559,1.462688839854568,1.052628338539107,1.0,0.8977243157722822,1.1287233813926505,1.0066236972156488,1.0
graphdraw-domain,1,1122.85,1201.21,1631.15,1592.76,1941578,2031193,2887685,2718947,17974.215538961696,18569.29513816926,27431.054868942396,26237.770712181245,0.0,0.0,0.0,0.0,0.0,0.0,0.0,0.0,0.7049712448830959,0.7541688641100982,1.0241028152389564,1.0,0.7140918892497721,0.7470513400960004,1.0620600548668289,1.0,0.6850511705484537,0.707731435794132,1.04547963201032,1.0
graphdraw-domain,2,1664.67,1407.78,2647.33,2174.25,2907888,2460247,5129739,4328282,23908.33903586305,21186.102661790108,37393.025486132276,30722.8734303566,0.0,0.0,0.0,0.0,0.0,0.0,0.0,0.0,0.7656295274232494,0.6474784408416695,1.2175830746234333,1.0,0.6718342289157684,0.5684119010729892,1.1851674636726535,1.0,0.7781934554415649,0.6895872780199193,1.2171070382103335,1.0
h80x6320d,1,86.17,86.18,86.16,84.11,10,6,6,10,215.91991323207472,215.303187946944,215.20474776366723,214.9489822120714,0.0,0.0,0.0,0.0,0.0,0.0,0.0,0.0,1.024491737011057,1.0246106289382952,1.0243728450838188,1.0,1.0,0.6,0.6,1.0,1.0045170300878437,1.0016478595582423,1.001189889568044,1.0
irp,0,12.51,11.54,11.67,11.12,6,4,5,5,136.1199738745196,136.1084705136967,111.02529333940124,106.01314301604071,0.0,0.0,0.0,0.0,0.0,0.0,0.0,0.0,1.125,1.0377697841726619,1.0494604316546763,1.0,1.2,0.8,1.0,1.0,1.2839914939030102,1.2838829850851823,1.0472785749084164,1.0
irp,1,12.05,11.98,11.44,11.24,4,5,4,4,136.1367577775561,136.11995329174985,106.0491717171251,106.03275189512736,0.0,0.0,0.0,0.0,0.0,0.0,0.0,0.0,1.072064056939502,1.0658362989323844,1.0177935943060497,1.0,1.0,1.25,1.0,1.0,1.2839123322216837,1.283753848305102,1.0001548561336404,1.0
irp,2,12.58,11.75,11.7,10.87,5,5,5,4,136.1371925077811,136.10241841451304,111.03078768913238,106.00238015884786,0.0,0.0,0.0,0.0,0.0,0.0,0.0,0.0,1.157313707451702,1.0809567617295308,1.076356945722171,1.0,1.25,1.25,1.25,1.0,1.284284299123994,1.2839562490064784,1.047436741729283,1.0
istanbul-no-cutoff,0,154.02,151.26,230.84,237.19,347,341,325,303,4154.504063298898,4116.4657763377845,5873.29149892943,6827.290819612349,0.0,0.0,0.0,0.0,0.0,0.0,0.0,0.0,0.649352839495763,0.6377165985075256,0.9732282136683672,1.0,1.1452145214521452,1.1254125412541254,1.0726072607260726,1.0,0.6085142955042289,0.6029427902078904,0.860266781379457,1.0
istanbul-no-cutoff,1,166.34,164.91,168.76,162.7,245,269,251,243,4386.7845191557135,4356.917362800875,4274.456004074953,4174.397453030692,0.0,0.0,0.0,0.0,0.0,0.0,0.0,0.0,1.0223724646588814,1.013583282114321,1.0372464658881377,1.0,1.008230452674897,1.1069958847736625,1.0329218106995885,1.0,1.0508784964811686,1.0437236539701484,1.0239695793632722,1.0
istanbul-no-cutoff,2,285.14,291.44,210.97,201.52,475,481,318,252,6591.160704164574,6582.127750105593,5745.879809465291,6044.836357405966,0.0,0.0,0.0,0.0,0.0,0.0,0.0,0.0,1.4149464073044857,1.44620881302104,1.0468936085748313,1.0,1.8849206349206349,1.9087301587301588,1.2619047619047619,1.0,1.090378682640311,1.0888843569836846,0.9505434836834911,1.0
k1mushroom,0,1897.56,1888.1,1925.59,1903.5,7,7,8,8,84365.63813533215,83722.05307682797,84139.00536059205,82846.22153805436,0.0,0.0,0.0,0.0,0.0,0.0,0.0,0.0,0.9968794326241135,0.9919096401365904,1.0116049382716048,1.0,0.875,0.875,1.0,1.0,1.0183402039232394,1.010571774095591,1.015604620205206,1.0
k1mushroom,1,1583.93,1577.86,1552.17,1542.11,11,11,12,12,75705.45605371479,75681.53982551841,75290.23312078175,75175.60074640081,0.0,0.0,0.0,0.0,0.0,0.0,0.0,0.0,1.0271186880313339,1.0231825226475413,1.0065235294499097,1.0,0.9166666666666666,0.9166666666666666,1.0,1.0,1.0070482350929446,1.006730096920999,1.0015248614343322,1.0
map10,0,1006.71,1051.44,1057.5,1074.59,1637,1494,1595,1672,11390.739125871321,12071.22296588929,11875.695919867478,12373.993462581544,0.0,0.0,0.0,0.0,0.0,0.0,0.0,0.0,0.9368317218660142,0.9784568998408697,0.9840962599689185,1.0,0.979066985645933,0.8935406698564593,0.9539473684210527,1.0,0.920538641006758,0.9755317070751799,0.9597302565076588,1.0
map10,1,633.84,674.45,633.71,670.14,724,768,724,768,7841.863703219099,8246.139623798083,7833.2897035669685,8197.01307545348,0.0,0.0,0.0,0.0,0.0,0.0,0.0,0.0,0.9458322141642046,1.00643149192706,0.9456382248485392,1.0,0.9427083333333334,1.0,0.9427083333333334,1.0,0.9566733188095186,1.005993225567947,0.9556273280842132,1.0
map10,2,792.96,821.19,788.49,797.43,965,955,965,961,9060.827479977572,9131.63689020236,8987.921251996826,9098.495253787298,0.0,0.0,0.0,0.0,0.0,0.0,0.0,0.0,0.9943944923065349,1.0297957187464732,0.9887889846130695,1.0,1.004162330905307,0.9937565036420395,1.004162330905307,1.0,0.9958599996198221,1.0036425403861444,0.9878470012121571,1.0
map16715-04,0,2158.43,2149.49,1917.79,1928.5,1933,1961,1782,1780,105052.04735655236,104596.24709408669,89208.53040558666,89547.68209627879,0.0,0.0,0.0,0.0,0.0,0.0,0.0,0.0,1.119227378791807,1.1145916515426497,0.9944464609800363,1.0,1.0859550561797753,1.101685393258427,1.001123595505618,1.0,1.1731408887122703,1.1680508601174977,0.9962126134060345,1.0
map16715-04,1,2335.51,2407.24,2181.44,2201.33,2173,2279,2323,2317,114012.38505556673,115713.0286162938,104776.1528368782,104284.82094518252,0.0,0.0,0.0,0.0,0.0,0.0,0.0,0.0,1.0609540595912472,1.0935389060249938,0.9909645532473551,1.0,0.9378506689684938,0.983599482088908,1.002589555459646,1.0,1.0932788110697098,1.109586491759127,1.004711442060719,1.0
map16715-04,2,2160.04,2052.84,1978.4,1987.28,1990,1982,1989,1903,105132.8366379955,100203.21914765998,106845.974204991,107307.62703418714,0.0,0.0,0.0,0.0,0.0,0.0,0.0,0.0,1.0869328932007567,1.03298981522483,0.995531580854233,1.0,1.0457172884918549,1.0415133998949029,1.045191802417236,1.0,0.9797331237648301,0.9337940080972644,0.9956978563224675,1.0
markshare_4_0,0,72.47,290.41,57.79,236.7,612396,2571032,506673,2086134,7247.0,29040.99999999273,5779.0,23669.999999993874,0.0,0.0,0.0,0.0,0.0,0.0,0.0,0.0,0.30616814533164344,1.226911702577102,0.2441487114490917,1.0,0.293555447540762,1.2324385681840189,0.24287653621483568,1.0,0.30616814533172265,1.2269117025771124,0.24414871144915487,1.0
markshare_4_0,1,70.48,303.0,58.16,293.15,589762,2661583,506440,2638602,7048.0,30299.99999999268,5815.99999999866,29314.999999993168,0.0,0.0,0.0,0.0,0.0,0.0,0.0,0.0,0.24042299164250386,1.0336005457956678,0.19839672522599353,1.0,0.22351305729321816,1.0087095363378031,0.19193497162512574,1.0,0.24042299164255987,1.033600545795659,0.19839672522599405,1.0
markshare_4_0,2,85.88,254.91,61.29,337.3,719508,2235991,535874,3027177,8588.0,25490.999999993932,6129.0,33729.99999999199,0.0,0.0,0.0,0.0,0.0,0.0,0.0,0.0,0.2546101393418322,0.7557367328787429,0.18170767862436998,1.0,0.23768283123187048,0.7386390026087011,0.17702103312756406,1.0,0.2546101393418927,0.7557367328787425,0.18170767862441314,1.0
mas74,0,1680.79,1660.7,1523.56,1488.86,4932223,5061685,4437792,4599675,6714.657077007676,6566.120905891473,6257.77380836948,5999.999966776214,0.0,0.0,0.0,0.0,0.0,0.0,0.0,0.0,1.12891071020781,1.1154171648106606,1.023306422363419,1.0,1.0722981514998342,1.1004440531124482,0.9648055569143472,1.0,1.1191095190314553,1.0943534903750065,1.0429623071701062,1.0
mas74,2,1563.59,1295.72,1171.7,1193.28,4674399,3949864,3539157,3776851,6164.667939272116,5034.360333059814,4748.275753124912,4794.81952989381,0.0,0.0,0.0,0.0,0.0,0.0,0.0,0.0,1.3103295119334941,1.0858474121748458,0.9819153928667204,1.0,1.2376445350902114,1.0458087967992382,0.9370655607012297,1.0,1.2856934240877766,1.0499582521662312,0.9902929033139378,1.0
mas76,2,152.65,143.18,146.06,145.73,450422,448267,466086,466086,190.81097626460183,181.17071009657218,182.1870136648704,181.52032660886326,0.0,0.0,0.0,0.0,0.0,0.0,0.0,0.0,1.0474850751389557,0.9825018870513965,1.0022644616757017,1.0,0.9663924683427522,0.9617688581077312,1.0,1.0,1.051182420334434,0.9980739539266893,1.0036727955951936,1.0
mc11,0,149.4,169.88,73.77,77.69,6484,7587,1097,1115,235.9292069467016,264.4252365471807,162.48163572589596,166.9148977671314,0.0,0.0,0.0,0.0,0.0,0.0,0.0,0.0,1.9230274166559405,2.1866392071051615,0.9495430557343287,1.0,5.815246636771301,6.8044843049327355,0.9838565022421525,1.0,1.4134700383416607,1.5841919450239201,0.9734399858817848,1.0
mc11,1,80.39,101.25,210.52,125.34,1411,2695,9069,3364,170.2462143895971,189.7955830267773,290.1232047223888,210.77917187098961,0.0,0.0,0.0,0.0,0.0,0.0,0.0,0.0,0.641375458752194,0.8078027764480612,1.6795915110898356,1.0,0.41944114149821643,0.8011296076099881,2.69589774078478,1.0,0.8076994177289903,0.9004475221249298,1.3764320361784266,1.0
mc11,2,106.11,93.14,210.21,304.49,3386,2184,10462,15636,194.48838138420732,182.66592180682682,278.5966968945165,369.55987338523386,0.0,0.0,0.0,0.0,0.0,0.0,0.0,0.0,0.34848435088180235,0.30588853492725543,0.6903674997536865,1.0,0.21655154771041188,0.13967766692248657,0.6690969557431569,1.0,0.5262702890404721,0.49427964170886474,0.7538607867313122,1.0
mcsched,0,318.21,356.03,329.92,326.38,11378,15011,15321,16119,1771.6943599496017,2104.0006162906475,1988.0949748245744,1954.8802017809182,0.0,0.0,0.0,0.0,0.0,0.0,0.0,0.0,0.9749678289110852,1.0908450272688277,1.0108462528341198,1.0,0.7058750542837645,0.9312612444940753,0.9504932067746138,1.0,0.9062930599714335,1.076281101201945,1.016990694884217,1.0
mcsched,1,235.33,234.36,251.72,250.87,9846,9846,9346,9466,1526.8396988386748,1520.3786115056655,1561.979811526428,1535.5420219618422,0.0,0.0,0.0,0.0,0.0,0.0,0.0,0.0,0.9380555666281342,0.9341890222027345,1.0033882090325665,1.0,1.0401436720895838,1.0401436720895838,0.9873230509190788,1.0,0.9943327352825883,0.9901250436397673,1.0172172361201866,1.0
mcsched,2,306.32,296.46,302.05,300.36,12017,10929,10393,10393,1859.5953523379876,1776.6413174274348,1747.4142006389425,1738.6197925563802,0.0,0.0,0.0,0.0,0.0,0.0,0.0,0.0,1.0198428552403782,0.9870155813024369,1.0056265814356107,1.0,1.1562590204945637,1.0515731742519003,1.0,1.0,1.0695813773083367,1.0218687979015526,1.005058269853026,1.0
mik-250-20-75-4,0,52.78,52.24,37.57,37.33,23893,23893,18256,18256,107.01789825612364,106.13944350982773,86.02017831571436,85.40894609051908,0.0,0.0,0.0,0.0,0.0,0.0,0.0,0.0,1.4138762389499064,1.3994106616662203,1.006429145459416,1.0,1.3087751971954427,1.3087751971954427,1.0,1.0,1.2530057231089435,1.2427204452018155,1.0071565363252168,1.0
mik-250-20-75-4,1,43.96,43.42,33.97,33.56,15175,15175,11362,11362,93.44212336624948,92.48749393251163,72.30482397263222,71.66157452207737,0.0,0.0,0.0,0.0,0.0,0.0,0.0,0.0,1.3098927294398093,1.2938021454112039,1.0122169249106077,1.0,1.3355923252948425,1.3355923252948425,1.0,1.0,1.3039362306707618,1.290614873442646,1.0089762115170477,1.0
mik-250-20-75-4,2,52.36,51.68,44.17,43.44,20733,20733,19440,19440,102.09678426494193,101.22438337166437,94.80354758044707,93.58260945581117,0.0,0.0,0.0,0.0,0.0,0.0,0.0,0.0,1.205340699815838,1.1896869244935544,1.0168047882136282,1.0,1.0665123456790124,1.0665123456790124,1.0,1.0,1.090980309895623,1.0816580554901238,1.0130466347512186,1.0
mushroom-best,0,579.5,914.59,686.16,601.92,27393,49975,45244,38299,20569.405130947434,26367.463219772955,19025.215282331104,17329.734764755154,0.0,0.0,0.0,0.0,0.0,0.0,0.0,0.0,0.9627525252525253,1.519454412546518,1.1399521531100478,1.0,0.7152406068043552,1.3048643567717173,1.1813363273192512,1.0,1.1869428707461267,1.5215156825942044,1.0978364955142985,1.0
mzzv11,0,210.71,212.06,288.0,266.96,484,484,1419,1684,2089.675641991696,2115.8890591963977,2149.214706737689,2120.418061420874,0.0,0.0,0.0,0.0,0.0,0.0,0.0,0.0,0.7892942762960744,0.7943512136649686,1.0788133053640996,1.0,0.28741092636579574,0.28741092636579574,0.8426365795724465,1.0,0.9855017178034328,0.997864099393003,1.0135806451759417,1.0
mzzv11,1,263.08,339.71,298.87,272.18,987,1705,998,942,2648.939704582618,2663.824894419693,2638.704100859539,2599.7537217480062,0.0,0.0,0.0,0.0,0.0,0.0,0.0,0.0,0.9665662429274744,1.2481078697920494,1.0980601072819458,1.0,1.0477707006369428,1.8099787685774946,1.059447983014862,1.0,1.0189194778040516,1.0246450931623658,1.01498233420562,1.0
mzzv11,2,195.89,196.13,175.33,176.4,616,616,614,614,1994.2905579780384,1999.633437026909,1979.1365160801402,1995.8533595633926,0.0,0.0,0.0,0.0,0.0,0.0,0.0,0.0,1.1104875283446711,1.1118480725623583,0.9939342403628119,1.0,1.003257328990228,1.003257328990228,1.0,1.0,0.9992169757473084,1.0018939655287817,0.9916242125689487,1.0
mzzv42z,0,175.26,171.22,166.64,166.49,415,366,369,369,1846.7208429817506,1854.2231981839668,1828.8391738670723,1828.904934526763,0.0,0.0,0.0,0.0,0.0,0.0,0.0,0.0,1.0526758363865696,1.028410114721605,1.000900955012313,1.0,1.1246612466124661,0.991869918699187,1.0,1.0,1.0097412982592218,1.0138434005941128,0.9999640436971603,1.0
mzzv42z,1,246.0,245.79,238.81,239.97,712,712,423,423,1974.7836000018272,1963.7612478545439,1937.1232440429587,1948.0002093904927,0.0,0.0,0.0,0.0,0.0,0.0,0.0,0.0,1.0251281410176272,1.0242530316289535,0.9951660624244697,1.0,1.6832151300236406,1.6832151300236406,1.0,1.0,1.013749172347222,1.0080908812987153,0.9944163428242457,1.0
mzzv42z,2,306.34,267.18,323.81,343.9,719,659,748,841,2017.467830878102,1970.2501536314421,2037.4787843932413,2042.4535621273772,0.0,0.0,0.0,0.0,0.0,0.0,0.0,0.0,0.8907822041291072,0.7769118929921489,0.9415818551904624,1.0,0.8549346016646849,0.7835909631391201,0.8894173602853745,1.0,0.9877668057122186,0.9646486902641108,0.9975643129291252,1.0
n2seq36q,0,936.81,1725.67,532.44,469.42,5438,8925,2724,2725,483.45210727969345,785.6973180076627,333.50191570881225,314.33716475095787,0.0,0.0,0.0,0.0,0.0,0.0,0.0,0.0,1.9956755144646583,3.6761748540752417,1.134250777555281,1.0,1.9955963302752293,3.2752293577981653,0.9996330275229358,1.0,1.5380049243070621,2.4995368226030563,1.0609687720923429,1.0
n2seq36q,1,1061.28,600.84,462.25,1728.61,4712,2918,1787,5439,516.1992337164751,344.7662835249042,306.60919540229884,786.8237547892719,0.0,0.0,0.0,0.0,0.0,0.0,0.0,0.0,0.6139499366543061,0.34758563238671536,0.2674113883409213,1.0,0.8663357234785806,0.5364956793528222,0.32855304283875714,1.0,0.6560544601944869,0.43817472645731187,0.3896796373215947,1.0
n2seq36q,2,1170.79,806.68,944.89,1136.74,4632,2231,5173,3368,583.0613026819923,438.57471264367814,476.58620689655163,550.0919540229885,0.0,0.0,0.0,0.0,0.0,0.0,0.0,0.0,1.0299540792089659,0.709643366117142,0.8312278973204075,1.0,1.3752969121140142,0.6624109263657957,1.5359263657957245,1.0,1.059934249933832,0.7972752726816833,0.8663755276024906,1.0
n5-3,0,26.4,29.63,28.62,28.07,926,1184,1068,1142,232.06858173966697,257.2612526835288,240.4016741517583,237.99037594077743,0.0,0.0,0.0,0.0,0.0,0.0,0.0,0.0,0.9405058781617385,1.0555753473459208,1.0195938724617029,1.0,0.8108581436077058,1.0367775831873904,0.9352014010507881,1.0,0.9751175055810489,1.0809733446849417,1.0101319147946592,1.0
n5-3,1,27.79,26.99,28.36,27.04,971,1008,937,893,237.332336458976,239.09456619370758,240.43855632325722,231.201938433066,0.0,0.0,0.0,0.0,0.0,0.0,0.0,0.0,1.0277366863905326,0.9981508875739644,1.0488165680473374,1.0,1.0873460246360582,1.1287793952967524,1.049272116461366,1.0,1.026515340085199,1.0341373771090874,1.0399504344677684,1.0
n5-3,2,27.09,25.54,27.38,28.03,1087,1047,1158,1195,229.2131612584825,223.4977285626157,231.4509924737817,233.09572264034546,0.0,0.0,0.0,0.0,0.0,0.0,0.0,0.0,0.966464502318944,0.9111666072065643,0.9768105601141633,1.0,0.9096234309623431,0.8761506276150628,0.9690376569037656,1.0,0.983343489370444,0.9588238086524695,0.992943971052178,1.0
neos-1171448,0,58.11,7.14,87.39,84.76,101,1,85,85,164.55026455026456,164.55026455026456,164.55026455026456,159.7598697598698,0.0,0.0,0.0,0.0,0.0,0.0,0.0,0.0,0.6855828220858895,0.08423784804152902,1.0310287871637565,1.0,1.188235294117647,0.011764705882352941,1.0,1.0,1.0299849693017094,1.0299849693017094,1.0299849693017094,1.0
neos-1171448,1,5.16,4806.35,83.56,6.21,1,373,138,1,145.38868538868542,145.38868538868542,159.7598697598698,164.7598697598698,0.0,0.0,0.0,0.0,0.0,0.0,0.0,0.0,0.8309178743961353,773.9694041867956,13.45571658615137,1.0,1.0,373.0,138.0,1.0,0.8824277756506058,0.8824277756506058,0.9696528043674271,1.0
neos-1171448,2,51.55,51.43,2743.51,2744.66,86,86,201,201,164.55026455026456,164.55026455026456,164.55026455026456,164.55026455026456,0.0,0.0,0.0,0.0,0.0,0.0,0.0,0.0,0.018781925630132694,0.018738204367754113,0.999581004568872,1.0,0.42786069651741293,0.42786069651741293,1.0,1.0,1.0,1.0,1.0,1.0
neos-1445765,0,43.72,43.57,43.7,43.63,133,133,129,129,2248.896855593311,2243.677827031892,2239.274979112887,2229.5755440555654,0.0,0.0,0.0,0.0,0.0,0.0,0.0,0.0,1.0020628008251202,0.9986247994499198,1.0016044006417604,1.0,1.0310077519379846,1.0310077519379846,1.0,1.0,1.0086659147250066,1.0063250976240412,1.0043503504885414,1.0
neos-1445765,1,44.19,45.18,44.17,44.45,141,185,145,161,2245.7869826846736,2253.840156681203,2236.2550266442195,2275.0671620366925,0.0,0.0,0.0,0.0,0.0,0.0,0.0,0.0,0.9941507311586051,1.0164229471316084,0.9937007874015747,1.0,0.8757763975155279,1.1490683229813665,0.9006211180124224,1.0,0.9871299714396974,0.9906697236417027,0.9829402243414531,1.0
neos-1445765,2,44.74,44.28,44.77,43.42,125,125,115,115,2233.4656463128895,2203.1782573656283,2214.3196348539586,2190.7953746847093,0.0,0.0,0.0,0.0,0.0,0.0,0.0,0.0,1.0304007369875634,1.0198065407646246,1.0310916628281899,1.0,1.0869565217391304,1.0869565217391304,1.0,1.0,1.01947706852098,1.0056522315246814,1.0107377715148933,1.0
neos-1582420,0,21.85,21.77,24.12,23.82,18,18,15,15,56.84687362637362,61.65383571428572,57.91004285714286,57.668678021978025,0.0,0.0,0.0,0.0,0.0,0.0,0.0,0.0,0.9172963895885811,0.9139378673383711,1.012594458438287,1.0,1.2,1.2,1.0,1.0,0.9857495537648495,1.06910437050055,1.0041853713912576,1.0
neos-1582420,2,55.49,58.44,85.73,77.35,1381,1411,3522,3052,123.04363571428577,120.68055439560442,148.3354175824177,143.03578681318703,0.0,0.0,0.0,0.0,0.0,0.0,0.0,0.0,0.7173884938590822,0.7555268261150614,1.108338720103426,1.0,0.45249017038007866,0.46231979030144166,1.1539973787680209,1.0,0.8602297261103463,0.8437088164042483,1.037051082720664,1.0
neos-3024952-loue,0,4646.86,4622.43,7200.0,4345.61,383076,460419,716114,243005,6688.458145836447,6541.718041560769,4575.839288383911,4591.311541710267,0.0,0.0,0.03,0.0,0.0,0.0,inf,0.0,1.0693228338484126,1.0637010684345813,1.6568444936384077,1.0,1.5764120079833748,1.8946894096829283,2.946910557395938,1.0,1.4567641696875555,1.4248037803864588,0.9966301016200279,1.0
neos-3024952-loue,1,7200.0,6811.25,7200.0,2843.41,688312,146416,735092,232504,3236.91834728659,4753.902696591438,7359.401382493652,2771.0764127672282,0.07,0.0,8.9,0.0,inf,0.0,inf,0.0,2.532170879331507,2.395451236367601,2.532170879331507,1.0,2.960430788287513,0.6297354024016791,3.161631627842962,1.0,1.1681086571171693,1.7155437052145874,2.655791572035529,1.0
neos-3024952-loue,2,7200.0,2895.54,7200.0,7200.0,1114650,284214,1328073,1222088,2010.456706906852,1863.339858349526,1710.138974435642,1735.508291598136,0.04,0.0,0.02,0.03,1.3333333333333335,0.0,0.6666666666666667,1.0,1.0,0.40215833333333334,1.0,1.0,0.9120865273204548,0.23256426705769143,1.086724523929537,1.0,1.1584252962891528,1.0736565577763253,0.9853821976620274,1.0
neos-3083819-nubu,0,12.72,8.66,10.44,11.13,2020,1152,1436,2169,10.736827670784827,10.621160983615082,10.71116754037257,10.693036584043492,0.0,0.0,0.0,0.0,0.0,0.0,0.0,0.0,1.1428571428571428,0.7780772686433063,0.9380053908355794,1.0,0.9313047487321346,0.5311203319502075,0.6620562471184878,1.0,1.0040952900887556,0.9932782797605252,1.0016955853640428,1.0
neos-3083819-nubu,1,12.37,13.71,14.64,13.56,1578,2810,2757,2410,10.834432995835764,10.925369324901288,10.97746257289954,10.94702089221363,0.0,0.0,0.0,0.0,0.0,0.0,0.0,0.0,0.9122418879056047,1.011061946902655,1.079646017699115,1.0,0.6547717842323652,1.16597510373444,1.1439834024896265,1.0,0.9897152022009982,0.9980221498135862,1.002780818725537,1.0
neos-3083819-nubu,2,20.79,11.86,12.94,8.55,3812,1572,1621,1264,11.640217907557332,11.036560581205187,11.022748429136609,10.700809734184997,0.0,0.0,0.0,0.0,0.0,0.0,0.0,0.0,2.4315789473684206,1.3871345029239763,1.5134502923976607,1.0,3.0158227848101267,1.2436708860759493,1.2824367088607596,1.0,1.0877885128983544,1.0313762094047514,1.0300854517507345,1.0
neos-3402294-bobin,0,4386.37,7200.0,1382.68,451.09,40294,126719,8164,1373,433836.6198661659,700191.5293680216,138267.99999999802,45108.99999999946,0.0,763.51,0.0,0.0,0.0,inf,0.0,0.0,9.723935356580727,15.961338092176728,3.0651976324015164,1.0,29.347414420975966,92.29351784413693,5.946103423160961,1.0,9.617518008959877,15.522213513224191,3.065197632401509,1.0
neos-3402294-bobin,1,618.95,729.52,2561.11,4298.33,3428,3567,17828,85397,61894.99999999942,72951.99999999929,256110.99999999738,386091.0995674331,0.0,0.0,0.0,0.0,0.0,0.0,0.0,0.0,0.14399778518633982,0.1697217291366647,0.5958383837443845,1.0,0.040141925360375655,0.04176961719966744,0.20876611590571098,1.0,0.16031190584125105,0.18895022465354133,0.6633434448163601,1.0
neos-3402294-bobin,2,1620.92,2067.79,1316.19,6958.94,9242,32941,8496,116536,162091.99999999843,206778.99999999796,131618.99999999808,647373.1069748648,0.0,0.0,0.0,0.0,0.0,0.0,0.0,0.0,0.23292627900226187,0.297141518679569,0.1891365639019736,1.0,0.07930596553854603,0.28266801675018877,0.07290451019427473,1.0,0.25038420387501803,0.31941240340715366,0.20331243077897637,1.0
neos-4413714-turia,0,299.23,296.43,300.59,298.75,2,2,2,3,17458.00243396454,17206.12684484972,17558.648952048705,17357.57791786056,0.0,0.0,0.0,0.0,0.0,0.0,0.0,0.0,1.0016066945606694,0.992234309623431,1.0061589958158994,1.0,0.6666666666666666,0.6666666666666666,0.6666666666666666,1.0,1.005785629572237,0.9912746424802162,1.0115840490614332,1.0
neos-4413714-turia,1,404.8,404.13,402.66,399.68,2,2,2,3,17605.184884064714,17575.076263070267,17530.183718596225,17219.596640532607,0.0,0.0,0.0,0.0,0.0,0.0,0.0,0.0,1.0128102481985588,1.0111339071257006,1.0074559647718175,1.0,0.6666666666666666,0.6666666666666666,0.6666666666666666,1.0,1.0223924085785194,1.0206438995034826,1.0180368381761358,1.0
neos-4413714-turia,2,277.1,276.25,279.01,278.42,2,2,2,3,17054.78607651372,17003.197680194433,17254.783871831074,17153.212842176523,0.0,0.0,0.0,0.0,0.0,0.0,0.0,0.0,0.9952589612815171,0.992206019682494,1.0021191006393217,1.0,0.6666666666666666,0.6666666666666666,0.6666666666666666,1.0,0.9942619049522436,0.991254398615446,1.0059213997161398,1.0
neos-4722843-widden,0,2651.33,1909.19,1733.78,1477.17,11357,7770,7617,5194,41135.66894980005,42419.717882326324,44189.190046705146,42935.530515941944,0.0,0.0,0.0,0.0,0.0,0.0,0.0,0.0,1.7948712741255237,1.2924646452337916,1.1737173108037666,1.0,2.186561417019638,1.4959568733153639,1.4664998074701578,1.0,0.9580799038811548,0.9879863454016459,1.029198650062044,1.0
neos-4722843-widden,1,1033.65,2457.98,999.02,1122.56,3376,14149,2137,3329,36234.84384829133,26301.264070932233,40875.42558983933,35694.377251939215,0.0,0.0,0.0,0.0,0.0,0.0,0.0,0.0,0.920797106613455,2.1896201539338658,0.8899479760547321,1.0,1.014118353860018,4.250225292880745,0.6419345148693302,1.0,1.0151415051322337,0.7368461392474169,1.145150265581917,1.0
neos-4722843-widden,2,1714.52,2060.45,1837.93,1228.51,7919,13340,9866,6749,24889.37680760002,26140.868417503527,26284.756585689625,23121.418971620442,0.0,0.0,0.0,0.0,0.0,0.0,0.0,0.0,1.3956093153494884,1.6771943248325205,1.496064338100626,1.0,1.1733590161505407,1.9765891243147133,1.4618461994369536,1.0,1.0764640716103797,1.1305910095565155,1.13681416430159,1.0
neos-4738912-atrato,0,813.4,1452.46,1868.51,3125.62,61981,161598,202053,373759,272.5186309742815,301.3958832677397,340.1770406932136,429.92977282743846,0.0,0.0,0.0,0.0,0.0,0.0,0.0,0.0,0.2602363691043697,0.464695004511105,0.5978045955682393,1.0,0.1658314582391327,0.43235881945317706,0.5405970157240361,1.0,0.6338677807355824,0.7010351511262082,0.7912386212660619,1.0
neos-4738912-atrato,1,3808.9,2835.53,7161.92,6412.46,324992,283058,720001,647654,1115.218225547576,726.0036963707164,1261.7678071489843,1135.8300972333257,0.0,0.0,0.0,0.0,0.0,0.0,0.0,0.0,0.5939842119872872,0.4421906725344096,1.1168755828496395,1.0,0.5017987999765307,0.43705126502731395,1.1117062505597124,1.0,0.9818530326534255,0.6391833586195054,1.110877243191935,1.0
neos-4738912-atrato,2,914.39,928.76,1097.85,416.64,95736,99490,125625,42417,197.1885587783188,188.81026137240346,197.84461819539604,139.04419595136767,0.0,0.0,0.0,0.0,0.0,0.0,0.0,0.0,2.1946764592933947,2.2291666666666665,2.635008640552995,1.0,2.2570195912016406,2.345521842657425,2.961666313034868,1.0,1.4181718081011292,1.357915446096305,1.4228901597920312,1.0
neos-5107597-kakapo,0,2144.47,1435.99,2490.37,3565.53,560533,386342,749477,952680,79157.67134285816,63835.967675085594,95126.97999518436,167729.7705677767,0.0,0.0,0.0,0.0,0.0,0.0,0.0,0.0,0.6014449464735957,0.40274236929713114,0.6984571718650523,1.0,0.5883749002813117,0.4055317630264097,0.7867038249989503,1.0,0.47193572777750814,0.3805881773938908,0.5671442801905294,1.0
neos-5107597-kakapo,1,1725.41,1559.83,4569.97,7200.0,472393,403091,1372207,2093245,65791.30729040563,70394.65457092688,166554.44649515447,364959.9775386712,0.0,0.0,0.0,23.4,0.0,0.0,0.0,1.0,0.2396402777777778,0.21664305555555555,0.6347180555555556,1.0,0.22567496876858656,0.19256752076321693,0.6555405602306467,1.0,0.18026992366151812,0.19288321707403616,0.45636359257367154,1.0
neos-5107597-kakapo,2,5927.88,7200.0,2772.87,7200.0,1725439,2695684,895701,2768926,141198.77281605886,162390.11731961605,115361.6883995886,216094.36058205063,0.0,4.38,0.0,16.19,0.0,0.27053736874613954,0.0,1.0,0.8233166666666667,1.0,0.3851208333333333,1.0,0.6231437748787797,0.9735485888752534,0.3234831844549114,1.0,0.6534125760419646,0.7514778122030483,0.5338486765173401,1.0
neos-5188808-nattai,0,1251.29,1264.88,1541.13,1552.46,12145,11986,16039,14414,112030.52226645657,109985.57493603561,147320.63641251612,146084.84606048896,0.0,0.0,0.0,0.0,0.0,0.0,0.0,0.0,0.806004663566211,0.8147585122966131,0.9927019053631012,1.0,0.8425835992784793,0.8315526571388927,1.112737616206466,1.0,0.7668866777603229,0.7528883241626184,1.008459401405095,1.0
neos-5188808-nattai,1,1292.07,1236.94,1220.92,1281.73,13554,12505,12570,12654,116539.2023575522,107001.60628620262,109116.30791850209,117249.07618150159,0.0,0.0,0.0,0.0,0.0,0.0,0.0,0.0,1.0080672216457442,0.9650550427937241,0.9525563106114393,1.0,1.0711237553342816,0.9882250671724356,0.993361782835467,1.0,0.9939455913251675,0.9126008474520013,0.9306368243754009,1.0
neos-5188808-nattai,2,1380.62,1638.61,1593.52,1516.9,12548,16454,16725,16075,121752.52831080821,156571.419087456,145355.1766885279,144462.3993899802,0.0,0.0,0.0,0.0,0.0,0.0,0.0,0.0,0.9101588766563384,1.080236007647175,1.0505109104093875,1.0,0.7805909797822707,1.0235769828926906,1.0404354587869362,1.0,0.8427973564396777,1.0838212555558293,1.0061799977178671,1.0
neos-5195221-niemur,0,2813.87,3739.89,4134.46,5368.93,47466,66433,132526,179683,222849.10062353854,264256.0279209182,207934.31973686616,355715.86716940353,0.0,0.0,0.0,0.0,0.0,0.0,0.0,0.0,0.5241025679232174,0.6965801379418245,0.7700715040054535,1.0,0.2641652243117045,0.3697233461151027,0.7375544709293589,1.0,0.6264806301637664,0.7428851291445788,0.5845517136795054,1.0
neos-5195221-niemur,1,2911.85,3377.21,3249.42,5874.02,25010,28903,71286,284617,181657.16086002917,218504.2745729908,207335.49580774797,243985.14368866762,0.0,0.0,0.0,0.0,0.0,0.0,0.0,0.0,0.4957167323230087,0.5749401602309832,0.5531850419303985,1.0,0.08787247423730839,0.10155050471335163,0.2504629027781194,1.0,0.7445418934680267,0.8955638497883659,0.8497873791541762,1.0
neos-5195221-niemur,2,2890.78,3307.81,3694.26,7200.0,33779,55697,70193,354114,205783.3340984274,219674.31012647698,247431.01993308394,296489.7209576828,0.0,0.0,0.0,5.01,0.0,0.0,0.0,1.0,0.4014972222222222,0.45941805555555554,0.5130916666666667,1.0,0.09539018508164038,0.15728550692714777,0.19822147669959392,1.0,0.6940656608051458,0.7409171198816383,0.8345349010207308,1.0
neos-860300,0,17.27,17.24,22.44,22.39,2,3,5,4,334.2856982193065,333.62106841611995,267.03117931896276,264.5718072477351,0.0,0.0,0.0,0.0,0.0,0.0,0.0,0.0,0.7713264850379633,0.7699866011612326,1.0022331397945512,1.0,0.5,0.75,1.25,1.0,1.2634970509397245,1.260984954847172,1.009295669469895,1.0
neos-860300,2,23.18,23.47,15.6,13.7,3,3,2,2,296.6230537332085,295.8916026241799,360.93000000000006,262.8570805998125,0.0,0.0,0.0,0.0,0.0,0.0,0.0,0.0,1.691970802919708,1.7131386861313869,1.1386861313868613,1.0,1.5,1.5,1.0,1.0,1.1284575369107257,1.1256748418151266,1.3731035860871443,1.0
neos-933966,0,1374.28,3139.55,7200.0,1389.95,138,425,1948,113,635.0,635.0,675.0,675.0,0.0,0.0,0.31,0.0,0.0,0.0,inf,0.0,0.9887262131731357,2.258750314759524,5.180042447570056,1.0,1.2212389380530972,3.7610619469026547,17.238938053097346,1.0,0.9407407407407408,0.9407407407407408,1.0,1.0
neos-933966,1,848.27,1572.2,2909.77,1515.32,38,476,292,121,660.0,655.0,675.0000000000001,665.0,0.0,0.0,0.0,0.0,0.0,0.0,0.0,0.0,0.5597959506902832,1.037536625927197,1.9202346699047066,1.0,0.3140495867768595,3.9338842975206614,2.4132231404958677,1.0,0.9924812030075187,0.9849624060150376,1.0150375939849625,1.0
neos-933966,2,2180.73,1298.27,1869.44,2515.32,283,86,757,846,675.0,680.0,645.0,650.0000000000001,0.0,0.0,0.0,0.0,0.0,0.0,0.0,0.0,0.8669791517580268,0.5161450630536074,0.7432215384126075,1.0,0.33451536643026003,0.1016548463356974,0.8947990543735225,1.0,1.0384615384615383,1.046153846153846,0.9923076923076921,1.0
neos-957323,1,110.59,110.39,229.61,273.76,5,5,22,22,797.0781319033251,797.078063051659,602.9354337888595,597.9731929504046,0.0,0.0,0.0,0.0,0.0,0.0,0.0,0.0,0.4039669783752192,0.4032364114552893,0.8387273524254822,1.0,0.22727272727272727,0.22727272727272727,1.0,1.0,1.3329663290933413,1.3329662139516143,1.008298433603639,1.0
neos-957323,2,80.1,79.87,55.36,55.25,2,2,1,1,851.8294880711647,851.8294231920927,572.9866680642252,568.0073304810277,0.0,0.0,0.0,0.0,0.0,0.0,0.0,0.0,1.4497737556561086,1.445610859728507,1.0019909502262443,1.0,2.0,2.0,1.0,1.0,1.4996804484015671,1.499680334179323,1.0087663262707907,1.0
neos-960392,0,881.09,878.66,1229.34,1233.09,15,15,54,54,565.0,565.0,560.0,560.0,0.0,0.0,0.0,0.0,0.0,0.0,0.0,0.0,0.7145382737675272,0.7125676146915473,0.9969588594506483,1.0,0.2777777777777778,0.2777777777777778,1.0,1.0,1.0089285714285714,1.0089285714285714,1.0,1.0
neos-960392,1,1439.63,1453.26,1354.38,1355.33,102,102,88,88,610.0,615.0,615.0,610.0,0.0,0.0,0.0,0.0,0.0,0.0,0.0,0.0,1.0621988740749486,1.072255465458597,0.9992990636966644,1.0,1.1590909090909092,1.1590909090909092,1.0,1.0,1.0,1.0081967213114753,1.0081967213114753,1.0
neos-960392,2,1363.87,1336.08,2241.76,2253.06,403,403,109,109,620.0,620.0,620.0,615.0,0.0,0.0,0.0,0.0,0.0,0.0,0.0,0.0,0.6053411804390473,0.5930068440254587,0.994984598723514,1.0,3.697247706422018,3.697247706422018,1.0,1.0,1.008130081300813,1.008130081300813,1.008130081300813,1.0
neos17,0,25.95,14.74,1106.75,541.86,22460,10823,1455127,806050,293.52685557921615,244.4387317914179,3018.1761485686334,2519.9783829441058,0.0,0.0,0.0,0.0,0.0,0.0,0.0,0.0,0.047890599047724504,0.027202598457166056,2.042501753220389,1.0,0.027864276409652007,0.013427206748960982,1.8052564977358725,1.0,0.11647991013172382,0.09700032883053492,1.197699221944309,1.0
neos17,1,9.39,8.75,196.55,449.3,5644,5398,216740,626324,294.10519339583027,291.51981926211886,2327.388125695633,2467.7544908605028,0.0,0.0,0.0,0.0,0.0,0.0,0.0,0.0,0.020899176496772757,0.01947473848208324,0.43745826841753843,1.0,0.00901131043996398,0.008618542479611191,0.34605092571895696,1.0,0.11917927593083871,0.11813161331152772,0.9431198015504677,1.0
neos17,2,9.84,8.75,4928.16,200.05,6376,5985,6947962,247116,180.50457697735536,172.2861561477409,14805.043415030024,1230.9358698692606,0.0,0.0,0.0,0.0,0.0,0.0,0.0,0.0,0.04918770307423144,0.043739065233691574,24.63464133966508,1.0,0.02580164780912608,0.024219394940028165,28.11619644215672,1.0,0.14664011456301698,0.13996355160731458,12.027469324297527,1.0
neos5,0,1007.54,1193.25,1273.04,1530.99,3292114,3963527,4146144,5010106,2753.1435233333345,3298.1185433333326,3567.909278666667,4052.530936666665,0.0,0.0,0.0,0.0,0.0,0.0,0.0,0.0,0.6580970483151425,0.7793976446612976,0.8315142489500258,1.0,0.6570946802323144,0.7911064157125618,0.8275561435227119,1.0,0.6793639743557102,0.8138416695335926,0.8804150626920039,1.0
neos5,1,1234.24,1519.55,1890.98,1875.51,4202380,5189427,6650076,6735352,3320.6397799999995,4118.388363333335,4438.07382,4454.195973333337,0.0,0.0,0.0,0.0,0.0,0.0,0.0,0.0,0.6580823349382301,0.8102062905556355,1.0082484230955846,1.0,0.6239287864984636,0.7704759899705316,0.987339043304641,1.0,0.7455082353538588,0.92460870334165,0.9963804571173207,1.0
neos5,2,1183.51,1552.44,1936.64,2039.35,4100005,5422762,6917171,7377371,3204.48606,4108.326366666669,4528.6805533333345,4460.352276666669,0.0,0.0,0.0,0.0,0.0,0.0,0.0,0.0,0.5803368720425626,0.7612425527741683,0.9496359134037807,1.0,0.5557542110868492,0.7350534492571947,0.9376200546237948,1.0,0.7184378858960421,0.9210766575901315,1.0153190314191347,1.0
neos859080,0,0.5,0.53,7200.0,7200.0,792,875,15703476,15987332,50.0,53.0,720000.0,720000.0,0.0,0.0,1e+20,1e+20,0.0,0.0,1.0,1.0,6.944444444444444e-05,7.361111111111111e-05,1.0,1.0,4.953922267955654e-05,5.4730833137136326e-05,0.9822449424331715,1.0,6.944444444444444e-05,7.361111111111111e-05,1.0,1.0
neos859080,1,0.54,0.5,7200.0,7200.0,655,554,15732597,16107026,54.0,48.0,720000.0,720000.0,0.0,0.0,1e+20,1e+20,0.0,0.0,1.0,1.0,7.500000000000001e-05,6.944444444444444e-05,1.0,1.0,4.066548349769846e-05,3.439492802706098e-05,0.9767536850067791,1.0,7.5e-05,6.666666666666667e-05,1.0,1.0
neos859080,2,0.55,0.57,7200.0,7200.0,565,600,16195339,16561424,55.00000000000001,56.99999999999999,720000.0,720000.0,0.0,0.0,1e+20,1e+20,0.0,0.0,1.0,1.0,7.63888888888889e-05,7.916666666666666e-05,1.0,1.0,3.411542389108569e-05,3.6228768733896315e-05,0.9778953186634193,1.0,7.63888888888889e-05,7.916666666666666e-05,1.0,1.0
net12,0,1842.42,1806.86,2699.23,2640.96,1211,1650,3563,3164,98181.66575864486,91042.54423668224,147805.43368906542,144653.29207626168,0.0,0.0,0.0,0.0,0.0,0.0,0.0,0.0,0.6976326790258088,0.6841678783472677,1.0220639464437173,1.0,0.3827433628318584,0.5214917825537294,1.1261061946902655,1.0,0.6787378589827265,0.629384529933023,1.0217910119262403,1.0
net12,1,1631.28,1570.29,875.61,1019.7,1816,1687,3088,3717,87246.80937850467,84024.00932126166,46918.35934158878,54537.60998714954,0.0,0.0,0.0,0.0,0.0,0.0,0.0,0.0,1.5997646366578404,1.539952927331568,0.858693733451015,1.0,0.4885660478880818,0.4538606403013183,0.8307775087436104,1.0,1.5997549104015056,1.5406617440892603,0.8602936460296656,1.0
net12,2,1561.43,954.82,2087.97,4039.07,1695,2731,4963,4690,86543.980717243,53102.38225593457,110590.33503014017,220728.76953883178,0.0,0.0,0.0,0.0,0.0,0.0,0.0,0.0,0.3865815645680813,0.23639600204997685,0.516943256739794,1.0,0.36140724946695096,0.5823027718550107,1.0582089552238807,1.0,0.39208292103498416,0.24057753036399054,0.5010236556892713,1.0
netdiversion,1,2364.82,2374.72,899.25,899.72,88,88,47,47,12439.02849586777,12436.334183884297,7464.51988016529,7505.912828512397,0.0,0.0,0.0,0.0,0.0,0.0,0.0,0.0,2.6283955008224784,2.639398924109723,0.9994776152580802,1.0,1.872340425531915,1.872340425531915,1.0,1.0,1.6572306100619971,1.6568716514589559,0.9944852878933166,1.0
netdiversion,2,1087.12,1716.75,1370.9,1143.57,27,51,58,27,8474.064940082644,10530.13763429752,9364.109082644629,8833.287859090908,0.0,0.0,0.0,0.0,0.0,0.0,0.0,0.0,0.9506370401462088,1.5012198641097616,1.1987897548903872,1.0,1.0,1.8888888888888888,2.1481481481481484,1.0,0.9593330450972948,1.1920971898883919,1.0600932780660395,1.0
nexp-150-20-8-5,0,3539.59,4440.55,7200.0,7200.0,5786,9628,14956,20022,4301.875847835492,4491.414288961031,6338.183707359287,6150.7219158008575,0.0,0.0,1.25,0.75,0.0,0.0,1.6666666666666667,1.0,0.49160972222222227,0.6167430555555555,1.0,1.0,0.2889821196683648,0.4808710418539606,0.7469783238437718,1.0,0.6994099077677721,0.7302255492030686,1.0304780144712526,1.0
nexp-150-20-8-5,1,3635.13,3420.5,2712.74,2624.56,7166,6115,6896,5582,4654.249298917741,4770.5726538961,4042.030929653678,4059.4403331168814,0.0,0.0,0.0,0.0,0.0,0.0,0.0,0.0,1.3850435882586034,1.3032660712652788,1.033598012619258,1.0,1.2837692583303475,1.0954854890720171,1.2353994983876746,1.0,1.1465248696842303,1.175179892404824,0.9957113784082062,1.0
nexp-150-20-8-5,2,7200.0,5386.25,3428.03,2245.93,13054,10647,10097,4565,6818.360074458851,5953.661207359304,4396.347505194805,3752.0213036796554,0.83,0.0,0.0,0.0,inf,0.0,0.0,0.0,3.2057989340718547,2.3982270150895175,1.526329849995325,1.0,2.8595837897042715,2.332311062431544,2.211829134720701,1.0,1.8172498295177584,1.5867876873514744,1.1717277566849769,1.0
ns1208400,0,419.49,1818.68,744.51,1325.08,2004,4814,3153,10259,36698.0,181868.0,37295.0,99376.5,0.0,0.0,0.0,0.0,0.0,0.0,0.0,0.0,0.31657711232529356,1.3725058109699038,0.5618604159748846,1.0,0.195340676479189,0.46924651525489813,0.3073398966760893,1.0,0.36928247623935234,1.8300906149844278,0.37528993273057515,1.0
ns1208400,1,683.06,969.97,2012.44,2649.91,2339,2481,18219,5713,51275.5,96997.0,74345.0,264991.0,0.0,0.0,0.0,0.0,0.0,0.0,0.0,0.0,0.25776724492529934,0.3660388466023375,0.7594371129585533,1.0,0.40941711885174165,0.434272711360056,3.1890425345702784,1.0,0.19349902449517153,0.36603884660233743,0.28055669815201273,1.0
ns1208400,2,1074.09,1789.77,1275.03,2961.8,2315,7679,4061,8352,53790.0,89595.0,127502.99999999999,296180.0,0.0,0.0,0.0,0.0,0.0,0.0,0.0,0.0,0.3626477142278344,0.6042845566885002,0.4304915929502329,1.0,0.27717911877394635,0.9194204980842912,0.4862308429118774,1.0,0.1816125329191708,0.3025018569788642,0.4304915929502329,1.0
ns1644855,0,7200.0,7200.0,3271.29,2955.01,36,77,14,14,10111.987233324488,10161.606141025486,11848.563008327174,11848.556092079703,7.37,4.93,0.0,0.0,inf,inf,0.0,0.0,2.436539977868095,2.436539977868095,1.1070317866944612,1.0,2.5714285714285716,5.5,1.0,1.0,0.853436246133312,0.8576240060017205,1.000000583720701,1.0
ns1644855,1,7200.0,7200.0,1530.45,2058.74,79,60,1,1,14676.92654632107,14572.688735948592,9620.674181463346,9615.68573492923,7.37,7.37,0.0,0.0,inf,inf,0.0,0.0,3.4972847469811637,3.4972847469811637,0.7433915890301837,1.0,79.0,60.0,1.0,1.0,1.5263525609002333,1.5155121681039263,1.0005187821931405,1.0
ns1830653,0,287.45,231.8,169.53,250.48,14558,13180,9714,11010,10758.661136892639,8258.76268305693,6180.538016438754,8632.11960406362,0.0,0.0,0.0,0.0,0.0,0.0,0.0,0.0,1.1475966145001597,0.9254231874800384,0.6768205046311083,1.0,1.322252497729337,1.1970935513169845,0.8822888283378747,1.0,1.246352185832543,0.9567479439428839,0.7159930932292956,1.0
ns1830653,1,134.33,136.63,191.04,214.45,7527,6054,7290,10080,5233.47512365435,5086.383830375327,6985.792410047523,7232.271183687325,0.0,0.0,0.0,0.0,0.0,0.0,0.0,0.0,0.6263930986243881,0.6371182093728142,0.8908370249475402,1.0,0.7467261904761905,0.6005952380952381,0.7232142857142857,1.0,0.7236281647539242,0.7032899764389184,0.9659195891055987,1.0
ns1830653,2,148.24,153.9,123.71,229.69,7267,9327,5660,11146,4822.628189312385,5414.760420909709,4364.328708660653,7321.607166133256,0.0,0.0,0.0,0.0,0.0,0.0,0.0,0.0,0.6453916147851453,0.6700335234446428,0.5385954982802909,1.0,0.6519827740893595,0.8368024403373407,0.5078054907590167,1.0,0.6586843680469338,0.7395589927244614,0.5960888927294875,1.0
ns1952667,0,7200.0,1170.98,7200.0,1171.28,52208,5921,67996,20047,65.0,65.0,70.0,65.0,1e+20,0.0,1e+20,0.0,inf,0.0,inf,0.0,6.147121098285637,0.9997438699542381,6.147121098285637,1.0,2.6042799421359804,0.29535591360303287,3.3918292013767646,1.0,1.0,1.0,1.0769230769230769,1.0
ns1952667,1,1392.38,7200.0,5036.79,6250.77,9508,63181,57160,62041,65.0,65.0,65.0,65.0,0.0,1e+20,0.0,0.0,0.0,inf,0.0,0.0,0.22275335678644392,1.1518580910831784,0.8057871270259503,1.0,0.15325349365742008,1.01837494560049,0.9213262197579021,1.0,1.0,1.0,1.0,1.0
ns1952667,2,968.9,768.05,7200.0,7200.0,4900,3203,87894,83514,70.0,65.0,65.0,65.0,0.0,0.0,1e+20,1e+20,0.0,0.0,1.0,1.0,0.13456944444444444,0.10667361111111111,1.0,1.0,0.058672797375290374,0.03835285101899083,1.0524462964293413,1.0,1.0769230769230769,1.0,1.0,1.0
nu25-pr12,0,5.36,5.3,6.29,6.01,53,53,97,97,12.100615341805023,12.099330303311376,12.426105741582406,12.29822038771913,0.0,0.0,0.0,0.0,0.0,0.0,0.0,0.0,0.8918469217970051,0.8818635607321131,1.0465890183028286,1.0,0.5463917525773195,0.5463917525773195,1.0,1.0,0.9839322243638248,0.9838277345715513,1.0103986877638802,1.0
nu25-pr12,1,6.11,6.02,7.19,6.86,66,66,65,63,12.296834987477956,12.240693442166759,12.61072368054909,12.460604582135216,0.0,0.0,0.0,0.0,0.0,0.0,0.0,0.0,0.89067055393586,0.8775510204081631,1.0481049562682216,1.0,1.0476190476190477,1.0476190476190477,1.0317460317460319,1.0,0.9868570105424854,0.9823514871594798,1.0120474971679223,1.0
nu25-pr12,2,6.05,6.0,6.33,6.09,16,16,26,14,11.916244318708847,11.89538076245247,11.964683981077831,11.903212503478343,0.0,0.0,0.0,0.0,0.0,0.0,0.0,0.0,0.993431855500821,0.9852216748768473,1.0394088669950738,1.0,1.1428571428571428,1.1428571428571428,1.8571428571428572,1.0,1.0010948149692107,0.9993420481215819,1.0051642762474018,1.0
nursesched-sprint02,0,142.08,140.76,203.92,201.19,370,378,553,509,296.0142577586207,291.45587241379314,310.28898620689677,307.25297672413814,0.0,0.0,0.0,0.0,0.0,0.0,0.0,0.0,0.7061981211789851,0.699637158904518,1.0135692628858293,1.0,0.7269155206286837,0.7426326129666012,1.0864440078585462,1.0,0.9634219362645657,0.9485860007646788,1.0098811393631655,1.0
nursesched-sprint02,1,85.18,85.08,77.3,76.96,409,409,236,236,214.37288448275862,214.422401724138,213.26448534482762,213.0900181034483,0.0,0.0,0.0,0.0,0.0,0.0,0.0,0.0,1.106808731808732,1.1055093555093556,1.0044178794178795,1.0,1.7330508474576272,1.7330508474576272,1.0,1.0,1.0060203025497305,1.0062526796541116,1.0008187490100762,1.0
nursesched-sprint02,2,67.71,67.53,59.82,59.67,222,222,95,95,187.68116293103446,197.35070344827582,187.59495603448272,192.2472551724138,0.0,0.0,0.0,0.0,0.0,0.0,0.0,0.0,1.1347410759175465,1.1317244846656611,1.0025138260432378,1.0,2.336842105263158,2.336842105263158,1.0,1.0,0.976248855999092,1.0265462738143392,0.9758004392116875,1.0
nw04,0,37.93,38.28,37.53,34.11,6,10,6,7,930.2226248369113,920.0297147432095,924.1636193808564,914.9278140196893,0.0,0.0,0.0,0.0,0.0,0.0,0.0,0.0,1.1119906185869246,1.1222515391380827,1.1002638522427441,1.0,0.8571428571428571,1.4285714285714286,0.8571428571428571,1.0,1.0167169590680876,1.005576287708541,1.010094572729831,1.0
nw04,1,31.39,26.14,31.08,26.14,5,4,5,4,905.755435298304,891.2682184794212,899.9702793262957,896.0967115407426,0.0,0.0,0.0,0.0,0.0,0.0,0.0,0.0,1.2008416220351952,1.0,1.1889824024483548,1.0,1.25,1.0,1.25,1.0,1.0107786622059511,0.9946116384547162,1.0043227117516065,1.0
p200x1188c,1,3.96,4.08,4.0,4.0,3,4,3,3,91.45124419684309,91.88805677145511,92.14560087544767,92.05841590396605,0.0,0.0,0.0,0.0,0.0,0.0,0.0,0.0,0.99,1.02,1.0,1.0,1.0,1.3333333333333333,1.0,1.0,0.9934044953830582,0.9981494453186263,1.0009470613916773,1.0
pg,0,101.85,107.89,117.28,105.83,2687,2467,3921,2467,414.55623662628653,412.86652462581026,418.58879757463,408.99423619684865,0.0,0.0,0.0,0.0,0.0,0.0,0.0,0.0,0.9623925162997259,1.0194651800056695,1.1081923840120949,1.0,1.0891771382245643,1.0,1.589379813538711,1.0,1.0135992147008177,1.009467831295055,1.0234589158688376,1.0
pg,1,86.23,106.33,85.91,104.92,1372,1059,1372,1059,403.30126808727306,484.4791456366206,402.4204758966393,478.0923078011673,0.0,0.0,0.0,0.0,0.0,0.0,0.0,0.0,0.8218642775447961,1.0134388105223027,0.8188143347312238,1.0,1.295561850802644,1.0,1.295561850802644,1.0,0.8435635995528318,1.013359005638111,0.8417212938385134,1.0
pg,2,107.44,112.91,106.75,111.36,2311,1127,2311,1127,386.20445054539334,487.0892623825245,384.0751532717642,481.6896629105854,0.0,0.0,0.0,0.0,0.0,0.0,0.0,0.0,0.9647988505747126,1.0139188218390804,0.9586027298850575,1.0,2.0505767524401066,1.0,2.0505767524401066,1.0,0.8017702688734745,1.0112097059324718,0.7973497935392874,1.0
pg5_34,0,1173.22,1259.57,1239.19,1126.04,148717,157415,149528,143283,335.5787683169813,335.5502013748249,336.35860346581933,320.4818088863923,0.0,0.0,0.0,0.0,0.0,0.0,0.0,0.0,1.0418990444389187,1.1185837092820858,1.1004848850840112,1.0,1.0379249457367588,1.0986299840176434,1.043585072897692,1.0,1.04710707132816,1.047017933844021,1.0495403924316191,1.0
pg5_34,1,1134.07,1253.87,1146.23,1182.23,144543,169115,143927,154044,385.6941524919923,366.00149068834156,399.6065163011464,372.9423913445235,0.0,0.0,0.0,0.0,0.0,0.0,0.0,0.0,0.9592634258985138,1.0605973456941542,0.9695490725155004,1.0,0.9383228168575213,1.0978356833112617,0.9343239593882268,1.0,1.0341923080974957,0.9813888128105824,1.071496632121905,1.0
pg5_34,2,1085.15,1778.08,1672.4,1340.2,121673,195261,201264,158399,315.6171297911395,368.2474694215367,397.721884864495,329.7860632131322,0.0,0.0,0.0,0.0,0.0,0.0,0.0,0.0,0.8096925831965379,1.3267273541262496,1.2478734517236234,1.0,0.7681424756469423,1.2327161156320432,1.2706140821596097,1.0,0.9570359848322769,1.11662532319793,1.205999674423651,1.0
physiciansched6-2,0,124.81,149.4,228.21,201.15,377,661,927,1019,519.6282270294378,526.1558957099988,529.9590229908358,549.9709847133236,0.0,0.0,0.0,0.0,0.0,0.0,0.0,0.0,0.6204822271936365,0.7427293064876958,1.1345264727815063,1.0,0.3699705593719333,0.6486751717369971,0.9097154072620216,1.0,0.9448284390862871,0.9566975537523339,0.9636126954353436,1.0
physiciansched6-2,1,462.02,3785.01,165.12,335.55,2804,756,159,1031,483.68699111994164,490.49649866190913,490.1793518368341,491.160928756792,0.0,0.0,0.0,0.0,0.0,0.0,0.0,0.0,1.3769035911190581,11.280017881090746,0.492087617344658,1.0,2.719689621726479,0.7332686711930165,0.1542192046556741,1.0,0.9847831185274283,0.9986472252657299,0.9980015166873261,1.0
piperout-08,0,797.03,1053.28,1107.65,867.4,130,316,201,161,1227.7038103234577,1232.7143057054896,1232.7078085642318,1227.7168046059733,0.0,0.0,0.0,0.0,0.0,0.0,0.0,0.0,0.9188724925063407,1.214295596034125,1.2769771731611714,1.0,0.8074534161490683,1.9627329192546583,1.2484472049689441,1.0,0.999989415895859,1.0040705650364705,1.0040652729844,1.0
piperout-08,1,606.54,626.88,589.39,674.29,552,797,409,2169,1437.5890048378715,1452.6045899804087,1442.5816640678104,1407.5410579345091,0.0,0.0,0.0,0.0,0.0,0.0,0.0,0.0,0.8995239437037477,0.9296890062139436,0.8740897833276484,1.0,0.2544951590594744,0.3674504379898571,0.18856615952051636,1.0,1.0213478297730485,1.0320157851111127,1.0248949087032115,1.0
piperout-08,2,923.85,664.35,1152.9,1096.6,596,123,926,1093,1457.6838990844028,1452.6672823957458,1447.6695933789133,1447.6695933789133,0.0,0.0,0.0,0.0,0.0,0.0,0.0,0.0,0.8424676272113807,0.6058271019514865,1.0513405070217037,1.0,0.5452881976212259,0.11253430924062215,0.8472095150960659,1.0,1.0069175354316282,1.0034522304258444,1.0,1.0
piperout-27,1,275.91,428.3,224.78,708.74,566,753,475,1201,2287.063627523388,2307.444619645495,2286.880420974889,2286.515480674545,0.0,0.0,0.0,0.0,0.0,0.0,0.0,0.0,0.389296498010554,0.6043118774162598,0.3171543866580128,1.0,0.47127393838467946,0.626977518734388,0.395503746877602,1.0,1.0002397302154635,1.0091532898630433,1.000159605436057,1.0
piperout-27,2,332.32,254.43,322.96,252.43,72,125,81,131,2233.87976304776,2239.3815811176764,2254.287964057115,2239.084361767603,0.0,0.0,0.0,0.0,0.0,0.0,0.0,0.0,1.3164837776809413,1.0079229885512815,1.2794041912609435,1.0,0.549618320610687,0.9541984732824428,0.6183206106870229,1.0,0.9976755682775017,1.000132741470196,1.006790098019134,1.0
pk1,0,107.55,105.74,120.53,108.1,301100,302166,346969,307068,5563.693037727272,5470.720647909092,6451.714343181819,5577.358864545455,0.0,0.0,0.0,0.0,0.0,0.0,0.0,0.0,0.9949121184088807,0.9781683626271971,1.114986123959297,1.0,0.9805645655034064,0.9840361092657001,1.1299419021194002,1.0,0.9975497673450682,0.9808801586510332,1.156768732274792,1.0
pk1,1,109.16,121.02,105.97,114.56,317026,355700,324036,340000,5634.385423181818,6258.7148837272725,5495.275318227272,5857.76885909091,0.0,0.0,0.0,0.0,0.0,0.0,0.0,0.0,0.95286312849162,1.0563896648044693,0.9250174581005586,1.0,0.9324294117647058,1.0461764705882353,0.9530470588235294,1.0,0.9618654403608953,1.0684468838360048,0.9381174727812843,1.0
pk1,2,112.34,108.5,109.87,105.07,328715,319989,322736,313662,5927.717167363637,5521.843510000001,5716.323851909091,5381.159026636364,0.0,0.0,0.0,0.0,0.0,0.0,0.0,0.0,1.0691919672599222,1.032644903397735,1.045683829827734,1.0,1.0479911497089223,1.0201713946859996,1.0289292295528307,1.0,1.1015688512496746,1.0261438999790302,1.06228487647618,1.0
qap10,1,111.82,112.08,101.22,101.05,5,5,3,3,1311.2573908823529,1311.578334117647,1350.8515873529416,1355.3706176470594,0.0,0.0,0.0,0.0,0.0,0.0,0.0,0.0,1.106580900544285,1.109153884215735,1.0016823354774864,1.0,1.6666666666666667,1.6666666666666667,1.0,1.0,0.967453015293125,0.967689809001883,0.9966658342483748,1.0
qap10,2,197.87,197.2,175.1,175.11,15,15,14,14,1336.1684844117656,1334.7100970588244,1271.3881558823525,1271.4905382352936,0.0,0.0,0.0,0.0,0.0,0.0,0.0,0.0,1.1299754440066243,1.1261492775969388,0.9999428930386614,1.0,1.0714285714285714,1.0714285714285714,1.0,1.0,1.0508678155531057,1.0497208252223988,0.9999194784783195,1.0
rail507,0,156.67,152.03,165.79,160.45,623,623,671,671,518.2466988505739,513.6026201149417,531.8617712643669,526.5175718390797,0.0,0.0,0.0,0.0,0.0,0.0,0.0,0.0,0.9764412589591773,0.9475225927080088,1.0332813960735432,1.0,0.9284649776453056,0.9284649776453056,1.0,1.0,0.984291363800801,0.9754709958130606,1.010150087501582,1.0
rail507,1,180.04,178.18,185.49,182.35,783,807,841,825,535.9986402298842,529.7158522988499,536.6213816091947,533.6320574712637,0.0,0.0,0.0,0.0,0.0,0.0,0.0,0.0,0.9873320537428023,0.9771318892240198,1.017219632574719,1.0,0.9490909090909091,0.9781818181818182,1.0193939393939393,1.0,1.004434858673662,0.9926612258060888,1.0056018451217055,1.0
rail507,2,193.43,188.09,183.61,185.01,771,783,733,737,550.3129764367807,549.4655557471254,540.4945620689646,546.3850247126427,0.0,0.0,0.0,0.0,0.0,0.0,0.0,0.0,1.04551105345657,1.0166477487703367,0.9924328414680289,1.0,1.0461329715061058,1.062415196743555,0.994572591587517,1.0,1.007188981297948,1.0056380224478203,0.989219209207324,1.0
ran14x18-disj-8,0,2109.62,1734.57,1540.83,1734.22,656920,649217,578285,641683,4720.022399515085,4295.509397359913,3967.6919935344827,4080.5419326508627,0.0,0.0,0.0,0.0,0.0,0.0,0.0,0.0,1.216466192293942,1.0002018198383134,0.8884858899101613,1.0,1.0237453695983842,1.0117409998394846,0.9012004369758899,1.0,1.1567145926739182,1.0526811066414896,0.9723443746004912,1.0
ran14x18-disj-8,1,1785.31,1545.12,1387.32,1268.41,564900,411381,451943,472072,4187.8742715517255,3501.571156519397,3498.2736732219832,3353.8290344827597,0.0,0.0,0.0,0.0,0.0,0.0,0.0,0.0,1.4075180738089417,1.2181550129689924,1.0937472899141443,1.0,1.196639495670152,0.8714369841888525,0.9573603179176058,1.0,1.248684482271946,1.0440517750063019,1.0430685754265052,1.0
ran14x18-disj-8,2,1694.59,1742.65,1832.39,1758.43,593570,650929,676165,721480,4183.58199137931,4380.030522629309,4415.251606681033,4501.976882543103,0.0,0.0,0.0,0.0,0.0,0.0,0.0,0.0,0.9636948869161694,0.9910260857696923,1.0420602469248137,1.0,0.8227116482785386,0.9022135055718801,0.9371916061429284,1.0,0.9292766490209217,0.9729127085510693,0.9807361792108804,1.0
reblock115,0,4390.48,7200.0,7200.0,7200.0,704168,849098,1121470,1292105,1478.2679172660025,2077.3664534098216,3261.065191351431,2960.923760196868,0.0,0.08,0.26,0.19,0.0,0.42105263157894735,1.368421052631579,1.0,0.6097888888888888,1.0,1.0,1.0,0.5449773818691206,0.6571431888275334,0.867940298969511,1.0,0.4992590275839167,0.7015940367447017,1.101367497261938,1.0
reblock115,1,6605.46,7200.0,7200.0,7200.0,882785,1243005,947601,927963,1973.6116948011038,2177.4681118485614,2593.8867656232783,2540.425479428912,0.0,0.13,0.19,0.19,0.0,0.6842105263157895,1.0,1.0,0.917425,1.0,1.0,1.0,0.951314869235088,1.339498449830435,1.0211624816937743,1.0,0.7768823414748509,0.85712733141775,1.0210442253186598,1.0
reblock115,2,5894.68,7200.0,7200.0,7200.0,832788,854950,909121,829733,1732.8197741363647,2072.0299035622975,2463.9501065951335,2853.782956904207,0.0,0.14,0.18,0.25,0.0,0.56,0.72,1.0,0.8187055555555556,1.0,1.0,1.0,1.0036819073123522,1.0303917043193414,1.0956789714281583,1.0,0.6072009680848796,0.726064292503184,0.863397863048434,1.0
rmatr100-p10,0,166.48,166.59,155.34,153.43,809,809,787,787,1475.9526373522458,1472.5129794326242,1469.6135283687943,1451.7334290780143,0.0,0.0,0.0,0.0,0.0,0.0,0.0,0.0,1.0850550739751026,1.0857720132959656,1.0124486736622564,1.0,1.0279542566709021,1.0279542566709021,1.0,1.0,1.0166829583097863,1.0143136129115706,1.012316379117987,1.0
rmatr100-p10,1,162.84,161.08,165.33,161.02,822,822,812,812,1414.5622420803788,1400.2276874704494,1471.6873789598114,1433.3925359338066,0.0,0.0,0.0,0.0,0.0,0.0,0.0,0.0,1.0113029437336976,1.0003726245186932,1.026766861259471,1.0,1.0123152709359606,1.0123152709359606,1.0,1.0,0.9868631282908416,0.9768626892969333,1.026716228852871,1.0
rmatr100-p10,2,160.62,158.36,157.99,157.46,827,783,795,795,1470.6039044917256,1478.2586874704493,1451.2691108747042,1446.1588418439715,0.0,0.0,0.0,0.0,0.0,0.0,0.0,0.0,1.0200685888479613,1.0057157373301155,1.0033659342055126,1.0,1.040251572327044,0.9849056603773585,1.0,1.0,1.0169034423746874,1.0221966250854906,1.0035336844631926,1.0
rocI-4-11,0,638.21,658.34,1677.53,1462.33,12970,12460,34270,27778,29120.536456756792,30035.55717132048,74820.85905576698,66638.67987338443,0.0,0.0,0.0,0.0,0.0,0.0,0.0,0.0,0.4364336367304234,0.45019933941039303,1.147162405202656,1.0,0.4669162646698826,0.4485564115487076,1.2337101303189575,1.0,0.4369914967116203,0.4507225717614601,1.1227842327898594,1.0
rocI-4-11,1,1001.8,906.63,995.45,953.34,17602,14955,15604,15737,45696.66887057146,41356.86813238083,45408.57037884585,43488.90139335004,0.0,0.0,0.0,0.0,0.0,0.0,0.0,0.0,1.0508318123649485,0.951003839133992,1.0441710197830785,1.0,1.11851051661689,0.9503081908877169,0.991548579780136,1.0,1.0507662278532293,0.9509752329293095,1.0441415838062387,1.0
rocI-4-11,2,498.07,483.27,703.24,686.49,9550,8950,13366,12985,22732.554795173884,22058.1395323556,31047.23481549851,30360.121026594603,0.0,0.0,0.0,0.0,0.0,0.0,0.0,0.0,0.7255313260207723,0.703972381243718,1.024399481419977,1.0,0.7354639969195226,0.6892568348093955,1.0293415479399306,1.0,0.7487636421231922,0.7265497892130699,1.0226321162653473,1.0
rococoC10-001000,0,765.76,1405.24,1007.88,747.13,53303,91581,63164,47028,3637.21907591623,5610.547212041884,4294.844373472951,3552.063047993018,0.0,0.0,0.0,0.0,0.0,0.0,0.0,0.0,1.0249354195387683,1.8808507220965562,1.3490021816819027,1.0,1.133431147401548,1.9473717785149274,1.3431147401548014,1.0,1.0239736814275655,1.579517912896267,1.2091126524062175,1.0
rococoC10-001000,1,851.99,726.91,787.5,706.86,63090,54559,51175,64338,3615.585901396161,3334.487849912738,3714.8844668411866,3052.812150087259,0.0,0.0,0.0,0.0,0.0,0.0,0.0,0.0,1.2053164700223524,1.0283648813060577,1.1140819964349375,1.0,0.9806024433460785,0.8480058441356586,0.7954086232086791,1.0,1.184346013983473,1.092267616210001,1.2168729303357246,1.0
rococoC10-001000,2,1626.91,1454.78,1345.55,1271.19,162527,105955,125085,115469,4950.877458115184,5498.105618237348,4835.332783595114,4509.726766143108,0.0,0.0,0.0,0.0,0.0,0.0,0.0,0.0,1.2798322831362738,1.1444237289468921,1.0584963695434986,1.0,1.4075379539097073,0.9176055911110341,1.0832777628627597,1.0,1.0978220444050018,1.2191660167783378,1.0722008304131643,1.0
roi2alpha3n4,0,1424.8,1638.42,1606.73,1512.25,12529,14967,15325,15007,16490.963905553228,17589.721041542867,17965.098954806737,16705.19977956787,0.0,0.0,0.0,0.0,0.0,0.0,0.0,0.0,0.9421722598776657,1.0834319722268144,1.0624764423871715,1.0,0.8348770573732258,0.9973345771973079,1.021190111281402,1.0,0.9871754976389643,1.0529488586575813,1.0754195814395378,1.0
roi2alpha3n4,1,1940.46,2268.33,1941.17,1960.77,17446,21011,17209,18735,21184.919493934634,23720.123839243097,22372.536952496703,22061.780966293198,0.0,0.0,0.0,0.0,0.0,0.0,0.0,0.0,0.989641824385318,1.1568567450542389,0.9900039270286674,1.0,0.9311982919669068,1.1214838537496663,0.91854817187083,1.0,0.9602542753144787,1.0751681324134066,1.0140857162292696,1.0
roi2alpha3n4,2,1486.54,1479.6,1533.64,1497.1,13303,13303,13689,13689,16739.0181845658,16681.396249384954,16521.871245081737,16199.59418282384,0.0,0.0,0.0,0.0,0.0,0.0,0.0,0.0,0.9929463629684057,0.9883107340858994,1.0244071872286422,1.0,0.9718021769303821,0.9718021769303821,1.0,1.0,1.033298612030288,1.0297416133468307,1.019894144175513,1.0
roll3000,0,36.86,32.73,46.99,52.27,1986,1335,3349,2881,110.03812966581091,90.62110120566066,121.78595371468458,120.28795881662522,0.0,0.0,0.0,0.0,0.0,0.0,0.0,0.0,0.7051846183279127,0.6261718002678399,0.8989860340539506,1.0,0.6893439777854912,0.46338077056577576,1.1624435959736203,1.0,0.914789233671844,0.753368018687634,1.0124534069145108,1.0
roll3000,1,38.91,38.03,46.03,61.33,2149,1831,2170,3675,99.82461440423535,97.22120638896563,111.45590256537196,136.86027634064203,0.0,0.0,0.0,0.0,0.0,0.0,0.0,0.0,0.6344366541659873,0.6200880482634926,0.7505299201043535,1.0,0.5847619047619048,0.4982312925170068,0.5904761904761905,1.0,0.7293907119972066,0.7103683332261022,0.8143773017669556,1.0
roll3000,2,60.26,79.32,41.29,37.85,3736,5947,1582,2629,131.74724226888856,166.3703047226498,107.57492457941011,100.29376031980982,0.0,0.0,0.0,0.0,0.0,0.0,0.0,0.0,1.5920739762219285,2.0956406869220605,1.090885072655218,1.0,1.4210726511981742,2.2620768352985925,0.601749714720426,1.0,1.3136135473311803,1.6588300627291235,1.0725983773704626,1.0
s250r10,0,7200.0,4304.43,7200.0,7200.0,22897,45624,23252,83749,20135.406988788494,18629.57505511787,19729.60731377659,19875.422818724855,0.28,0.0,0.24,0.27,1.037037037037037,0.0,0.8888888888888888,1.0,1.0,0.5978375,1.0,1.0,0.2734002794063213,0.5447706838290607,0.2776391359896835,1.0,1.0130806862543174,0.9373171693015125,0.9926635268955942,1.0
s250r10,1,6366.45,6899.93,7200.0,6570.42,45426,61772,62268,54164,28982.309967563022,28684.39826903758,29148.69933578242,28490.461587520207,0.0,0.0,0.16,0.0,0.0,0.0,inf,0.0,0.9689563224268768,1.050150523102024,1.0958203585158939,1.0,0.8386751347758659,1.1404622996824458,1.1496196735839304,1.0,1.017263615702817,1.006807074042013,1.023103793746555,1.0
seymour1,0,90.45,77.19,86.9,72.9,1627,1274,1624,1334,98.1624287543035,95.11437183276195,97.352544647397,92.65637641375697,0.0,0.0,0.0,0.0,0.0,0.0,0.0,0.0,1.2407407407407407,1.0588477366255142,1.1920438957475994,1.0,1.219640179910045,0.9550224887556222,1.2173913043478262,1.0,1.0594244298520725,1.0265280762548796,1.0506837026808526,1.0
seymour1,1,67.9,68.14,64.87,63.65,1466,1473,1498,1541,85.56234964084783,85.35042155093761,81.02890275917714,80.82626029272177,0.0,0.0,0.0,0.0,0.0,0.0,0.0,0.0,1.0667714061272586,1.0705420267085626,1.0191673212882955,1.0,0.9513303049967553,0.9558728098637248,0.9720960415314731,1.0,1.058595923292427,1.055973903058623,1.0025071364890752,1.0
seymour1,2,72.05,73.58,66.94,70.25,1822,1685,1597,1682,88.61467649594047,88.08948406389271,82.91988505654555,85.3605872332408,0.0,0.0,0.0,0.0,0.0,0.0,0.0,0.0,1.0256227758007117,1.0474021352313168,0.9528825622775801,1.0,1.0832342449464922,1.0017835909631392,0.9494649227110583,1.0,1.0381216831815852,1.031969049406788,0.9714071533970796,1.0
sp150x300d,0,3.96,3.98,4.2,4.07,3472,3472,3843,3843,34.54546942028984,34.75343434782608,25.55160144927538,24.803423478260886,0.0,0.0,0.0,0.0,0.0,0.0,0.0,0.0,0.9729729729729729,0.9778869778869778,1.0319410319410318,1.0,0.9034608378870674,0.9034608378870674,1.0,1.0,1.3927702137798612,1.4011547389127934,1.0301643025879166,1.0
sp150x300d,1,3.12,3.1,5.71,5.59,2569,2569,5283,5283,16.878175942028992,16.825297101449287,34.37502144927536,33.67972347826087,0.0,0.0,0.0,0.0,0.0,0.0,0.0,0.0,0.5581395348837209,0.5545617173524151,1.0214669051878353,1.0,0.4862767367026311,0.4862767367026311,1.0,1.0,0.5011376044379725,0.4995675547131333,1.0206444085404467,1.0
sp150x300d,2,1.29,1.34,1.15,1.16,848,848,825,825,11.279624927536238,11.786203913043485,10.135010144927538,10.221825072463773,0.0,0.0,0.0,0.0,0.0,0.0,0.0,0.0,1.1120689655172415,1.1551724137931036,0.9913793103448276,1.0,1.0278787878787878,1.0278787878787878,1.0,1.0,1.1034844411417328,1.1530430064582047,0.9915069053793434,1.0
splice1k1,0,7200.0,7200.0,7200.0,6524.11,513,1365,1025,1136,559529.52671299,559188.1060403647,559690.1998493042,507947.3853460018,309.2,307.7,304.48,0.0,inf,inf,inf,0.0,1.1035988050477383,1.1035988050477383,1.1035988050477383,1.0,0.4515845070422535,1.2015845070422535,0.9022887323943662,1.0,1.1015501661296114,1.100878008574567,1.1018664845928015,1.0
splice1k1,2,7200.0,4823.0,7200.0,4825.07,834,580,889,381,559613.0508281598,378774.7007131995,559618.339776864,378954.88067117846,358.74,0.0,304.43,0.0,inf,0.0,inf,0.0,1.4922063306853581,0.999570990679928,1.4922063306853581,1.0,2.188976377952756,1.5223097112860893,2.3333333333333335,1.0,1.4767273872736832,0.9995245345365131,1.476741343944976,1.0
supportcase26,1,5238.22,2878.57,6504.62,3848.74,6761735,3631376,8335546,4970066,42136.51904782413,26333.918770920456,55268.22927010622,33844.94316318173,0.0,0.0,0.0,0.0,0.0,0.0,0.0,0.0,1.3610220487744042,0.7479252950316209,1.6900648004281922,1.0,1.3604919934664852,0.7306494521400722,1.6771499613888428,1.0,1.2449871416437301,0.7780754319471823,1.6329833678146,1.0
supportcase26,2,4487.28,3369.62,4861.79,3833.68,5497025,3710979,6229516,4290344,39451.952276387834,30068.09427229217,43594.1433374544,34248.24271433168,0.0,0.0,0.0,0.0,0.0,0.0,0.0,0.0,1.1704889296967926,0.8789518165313746,1.268178356044323,1.0,1.2812550695235627,0.864960711775093,1.451985202118991,1.0,1.151940921625114,0.8779456079861795,1.2728870120746894,1.0
supportcase33,0,1598.38,726.92,620.26,2909.49,12756,5039,4319,29028,20589.541389960836,11061.39369930605,10956.892339348962,31962.03136883016,0.0,0.0,0.0,0.0,0.0,0.0,0.0,0.0,0.5493677586106157,0.24984447446115987,0.21318512866516126,1.0,0.43943778420835056,0.17359101557117265,0.14878737770428552,1.0,0.6441875096224345,0.34607918287988676,0.34280963599936526,1.0
supportcase33,2,682.16,2300.97,6423.38,1885.13,3786,15069,100498,13657,9453.6831174386,31034.575264022256,73989.135535408,23879.39725894205,0.0,0.0,0.0,0.0,0.0,0.0,0.0,0.0,0.36186363805148714,1.2205895614626046,3.407393654549023,1.0,0.2772204730175002,1.1033902028263893,7.358717141392693,1.0,0.3958928701141528,1.299638132717141,3.0984507160331067,1.0
supportcase40,0,786.5,783.23,913.72,998.95,6335,6335,8676,10137,1835.499252353049,1839.5587301524345,2034.3179987155627,2177.75661273062,0.0,0.0,0.0,0.0,0.0,0.0,0.0,0.0,0.787326693027679,0.7840532559187147,0.9146804144351569,1.0,0.6249383446779126,0.6249383446779126,0.8558745190884878,1.0,0.8428394806027358,0.8447035446472001,0.9341346901777035,1.0
supportcase40,1,946.94,890.01,1116.91,1101.47,7991,7377,10003,9647,2192.5045664375266,2102.1653689679715,2339.6738577827714,2375.0961443065953,0.0,0.0,0.0,0.0,0.0,0.0,0.0,0.0,0.8597056660644412,0.808020191199034,1.0140176309840487,1.0,0.828340416709858,0.764693687156629,1.0369026640406345,1.0,0.9231224477767926,0.8850864307144478,0.9850859567901132,1.0
supportcase40,2,797.74,789.34,851.23,1120.16,6970,6970,6856,11437,1829.2187627862638,1821.0672589191595,1951.4611412943577,2360.5464437524734,0.0,0.0,0.0,0.0,0.0,0.0,0.0,0.0,0.7121661191258392,0.7046671904013712,0.7599182259677189,1.0,0.6094255486578648,0.6094255486578648,0.5994578997988983,1.0,0.7749132696065164,0.7714600421181615,0.8266988969690392,1.0
supportcase7,0,179.98,180.55,178.05,177.71,59,59,88,88,2182.250719908478,2192.5342828859516,2193.3614988360637,2190.072148101,0.0,0.0,0.0,0.0,0.0,0.0,0.0,0.0,1.012773619942603,1.0159810927916268,1.0019132294187159,1.0,0.6704545454545454,0.6704545454545454,1.0,1.0,0.9964286892560577,1.0011242254220194,1.0015019371566896,1.0
supportcase7,1,193.62,191.66,191.68,191.37,45,47,45,47,2398.1424919217116,2383.1163496062295,2366.4087589324135,2387.523314257889,0.0,0.0,0.0,0.0,0.0,0.0,0.0,0.0,1.0117573287349115,1.0015153890369441,1.001619898625699,1.0,0.9574468085106383,1.0,0.9574468085106383,1.0,1.0044477796721005,0.9981541689560299,0.9911562935534983,1.0
swath1,0,21.09,16.14,20.92,12.81,281,319,351,304,261.84366437022675,207.12990780574023,236.01357557815032,183.27821819980153,0.0,0.0,0.0,0.0,0.0,0.0,0.0,0.0,1.6463700234192036,1.259953161592506,1.6330991412958626,1.0,0.9243421052631579,1.049342105263158,1.1546052631578947,1.0,1.4286676667970264,1.1301392486254787,1.2877339047505314,1.0
swath1,1,17.34,14.1,18.91,13.87,245,257,451,451,227.21935845890266,200.75847171949835,220.26918339477035,167.56003004548253,0.0,0.0,0.0,0.0,0.0,0.0,0.0,0.0,1.2501802451333814,1.0165825522710887,1.3633741888968998,1.0,0.5432372505543237,0.5698447893569845,1.0,1.0,1.356047491739087,1.1981286447907917,1.3145687747548174,1.0
swath1,2,19.82,14.05,15.91,11.74,292,260,292,278,247.56353363772197,193.98237707042207,206.4616063408436,158.28079990015965,0.0,0.0,0.0,0.0,0.0,0.0,0.0,0.0,1.68824531516184,1.196763202725724,1.3551959114139693,1.0,1.0503597122302157,0.935251798561151,1.0503597122302157,1.0,1.564078105454863,1.225558483358577,1.3044008273339245,1.0
swath3,0,226.2,204.18,178.65,112.15,28316,31466,24564,17832,1821.0849870830593,1547.4341686840787,1339.878259452502,933.9847309587856,0.0,0.0,0.0,0.0,0.0,0.0,0.0,0.0,2.0169415960766828,1.8205974141774408,1.5929558626839055,1.0,1.5879318079856437,1.7645805293853747,1.3775235531628534,1.0,1.9498016688277309,1.6568088507138166,1.4345826168668143,1.0
swath3,1,182.91,151.94,701.79,687.17,21837,21468,139518,169323,1366.3576742147566,1178.8207665315197,4733.239234956889,4385.867421626835,0.0,0.0,0.0,0.0,0.0,0.0,0.0,0.0,0.2661786748548394,0.2211097690527817,1.02127566686555,1.0,0.12896653142219308,0.12678726457716907,0.8239754788185893,1.0,0.31153647451293415,0.26877710911158,1.0792025339428077,1.0
swath3,2,427.45,265.56,155.37,645.63,74192,52338,24161,170136,3250.751069608749,2008.9316174789647,1331.8348395267699,4281.371981620795,0.0,0.0,0.0,0.0,0.0,0.0,0.0,0.0,0.6620665086814429,0.4113191766181869,0.24064866874215882,1.0,0.4360746696760239,0.30762448864437864,0.14200992147458505,1.0,0.7592778865194785,0.4692261326749855,0.3110766467487785,1.0
tbfp-network,0,2356.81,2338.83,1553.3,1556.06,574,574,90,90,12379.634306958817,12294.640795143994,10737.427700337628,10724.961566987256,0.0,0.0,0.0,0.0,0.0,0.0,0.0,0.0,1.5146009793966815,1.5030461550325822,0.9982262894746989,1.0,6.377777777777778,6.377777777777778,1.0,1.0,1.1542823934273896,1.1463575620623576,1.0011623476012022,1.0
tbfp-network,1,1683.8,1695.18,934.26,932.14,71,71,51,51,13522.093619617472,13614.106420894255,10802.783576012984,10801.199044428176,0.0,0.0,0.0,0.0,0.0,0.0,0.0,0.0,1.8063810157272513,1.8185894822666124,1.002274336473062,1.0,1.392156862745098,1.392156862745098,1.0,1.0,1.2519067155412598,1.2604254735882423,1.0001466996005064,1.0
tbfp-network,2,1088.57,1095.63,1128.84,1125.11,99,99,105,105,8164.959208703873,8226.354204751424,8829.789155744602,8821.783215962909,0.0,0.0,0.0,0.0,0.0,0.0,0.0,0.0,0.9675231755117277,0.9737981175173985,1.0033152313995966,1.0,0.9428571428571428,0.9428571428571428,1.0,1.0,0.9255452110781275,0.9325046879258988,1.000907519442011,1.0
timtab1,0,73.73,62.47,77.62,86.61,64175,51558,57256,71271,984.6586518596392,883.4105179059902,1095.7220497089327,1216.508657220714,0.0,0.0,0.0,0.0,0.0,0.0,0.0,0.0,0.8512873802101375,0.7212792980025401,0.8962013624292807,1.0,0.9004363626159307,0.723407837689944,0.803356203785551,1.0,0.8094136001540927,0.7261851468646894,0.9007104414795244,1.0
timtab1,1,67.9,83.32,84.55,101.95,51540,69075,69808,90517,931.5505124403091,1075.5803768966437,1145.292927173066,1388.3488216095775,0.0,0.0,0.0,0.0,0.0,0.0,0.0,0.0,0.6660127513487004,0.8172633643943108,0.8293281020107895,1.0,0.5693958041030966,0.7631163206911409,0.771214247047516,1.0,0.6709772774253658,0.7747191196875676,0.8249316809627673,1.0
timtab1,2,70.92,54.95,85.22,79.25,55054,44058,70064,69505,930.4513441914713,790.4480727589399,1140.1394950390443,1034.0837543738523,0.0,0.0,0.0,0.0,0.0,0.0,0.0,0.0,0.8948895899053628,0.6933753943217666,1.0753312302839118,1.0,0.7920869002230055,0.6338824544996763,1.0080425868642544,1.0,0.8997833495168567,0.7643946338152888,1.1025601071640563,1.0
tr12-30,0,606.97,873.86,646.27,788.9,423661,593676,454361,550004,76.46148580354655,100.06541318263919,76.81927088119072,89.97809044687384,0.0,0.0,0.0,0.0,0.0,0.0,0.0,0.0,0.7693877551020408,1.1076942578273545,0.819203954873875,1.0,0.7702871251845441,1.0794030588868444,0.826104901055265,1.0,0.8497789342250162,1.1121086554034092,0.8537552919790786,1.0
tr12-30,1,650.32,517.81,695.2,433.39,475420,375059,512264,328598,68.06324466293009,56.60638993537309,67.94916613066239,49.96281126527612,0.0,0.0,0.0,0.0,0.0,0.0,0.0,0.0,1.5005422367844206,1.1947899120884191,1.6040979256558758,1.0,1.4468134316094439,1.1413916092002994,1.558938277165412,1.0,1.3622781212520294,1.1329704734752228,1.3599948523690597,1.0
tr12-30,2,397.52,473.86,411.44,445.4,213946,255026,237300,237285,47.14426016110756,53.45737541731723,47.5876366810623,50.0088180342433,0.0,0.0,0.0,0.0,0.0,0.0,0.0,0.0,0.8925011225864392,1.0638976201167492,0.9237539290525371,1.0,0.901641485976779,1.0747666308447648,1.000063215121057,1.0,0.9427189446634342,1.0689589860074786,0.9515849114545537,1.0
uct-subprob,0,1102.62,1114.6,1313.02,1544.63,44339,44339,47486,62572,6476.302431528661,6530.199611464967,7360.275361146497,8100.693106369422,0.0,0.0,0.0,0.0,0.0,0.0,0.0,0.0,0.7138408550915105,0.7215967577996024,0.8500547056576655,1.0,0.7086076839480918,0.7086076839480918,0.7589017451895417,1.0,0.799475100030202,0.8061285035388385,0.9085982229544348,1.0
uct-subprob,1,1631.6,1786.03,1592.47,1948.75,59559,70090,60418,76073,8419.30769426752,8847.09833630573,8366.111668152867,9850.79043152866,0.0,0.0,0.0,0.0,0.0,0.0,0.0,0.0,0.8372546504169339,0.9165003207184093,0.8171751122514432,1.0,0.7829190382921667,0.9213518593982096,0.7942108238139681,1.0,0.854683464518796,0.8981105016699481,0.8492832860778465,1.0
uct-subprob,2,2506.36,2367.22,1960.04,1870.35,95674,91988,64485,66057,11342.06881624204,10438.817230254774,9478.078786942675,9234.781009554144,0.0,0.0,0.0,0.0,0.0,0.0,0.0,0.0,1.3400486539952416,1.26565616061165,1.0479535915737697,1.0,1.448355208380641,1.3925549146948848,0.9762023706798674,1.0,1.228190338732205,1.1303805926155643,1.0263458090816466,1.0
unitcal_7,0,272.59,264.89,264.17,269.85,89,89,89,97,739.8974382424475,724.5762538818284,739.9111490088367,729.9202312579779,0.0,0.0,0.0,0.0,0.0,0.0,0.0,0.0,1.0101537891421157,0.9816194181952935,0.9789512692236427,1.0,0.9175257731958762,0.9175257731958762,0.9175257731958762,1.0,1.0136689004595398,0.992678683029597,1.0136876843838676,1.0
unitcal_7,1,298.12,295.28,306.36,302.06,180,176,225,225,672.3522624655749,677.3336690285327,672.8376891052231,677.7011614798464,0.0,0.0,0.0,0.0,0.0,0.0,0.0,0.0,0.9869562338608223,0.9775541283188769,1.0142355823346356,1.0,0.8,0.7822222222222223,1.0,1.0,0.9921072895867679,0.9994577367249728,0.9928235737946749,1.0
unitcal_7,2,387.18,384.51,400.05,399.99,436,436,452,452,709.2261186639456,704.2298598395766,689.5682303994272,704.9504088321842,0.0,0.0,0.0,0.0,0.0,0.0,0.0,0.0,0.9679741993549839,0.9612990324758118,1.0001500037500937,1.0,0.9646017699115044,0.9646017699115044,1.0,1.0,1.0060652632840437,0.998977872792781,0.978179772307333,1.0
var-smallemery-m6j6,1,7200.0,7200.0,7200.0,6835.13,656232,666841,645910,744694,10905.938038349394,10789.51649901097,11867.569603654896,10078.114362401517,0.87,0.83,1.05,0.0,inf,inf,inf,0.0,1.0533815743080235,1.0533815743080235,1.0533815743080235,1.0,0.8812102689158231,0.8954563887986207,0.8673495422280829,1.0,1.0821407305156452,1.0705888136438981,1.1775585369351742,1.0
var-smallemery-m6j6,2,6729.45,6080.41,7200.0,6793.08,683202,668644,753437,692932,9102.060902958929,8450.028492621774,10212.018395434503,9601.741732515955,0.0,0.0,0.49,0.0,0.0,0.0,inf,0.0,0.9906331148757265,0.8950888256873171,1.0599021357028036,1.0,0.9859582181224131,0.964948941598887,1.0873173702470085,1.0,0.9479593553464498,0.880051633132982,1.0635589541897246,1.0
wachplan,0,2340.84,2545.25,7200.0,7200.0,219938,240736,249191,244098,26080.44444444445,28356.111111111113,80071.11111111111,80071.11111111111,0.0,0.0,12.5,12.5,0.0,0.0,1.0,1.0,0.32511666666666666,0.35350694444444447,1.0,1.0,0.9010233594703767,0.9862268433170284,1.0208645707871429,1.0,0.3257160301953819,0.35413660079928955,1.0,1.0
wachplan,1,3419.67,3287.69,7200.0,7200.0,302179,297002,205633,213375,38067.444444444445,36601.0,80071.11111111111,80071.11111111111,0.0,0.0,12.5,12.5,0.0,0.0,1.0,1.0,0.4749541666666667,0.4566236111111111,1.0,1.0,1.4161874633860574,1.391925014645577,0.9637164616285882,1.0,0.4754204595914743,0.45710618339254,1.0,1.0
wachplan,2,2343.95,2155.54,7200.0,7200.0,198054,174423,250301,197319,26115.0,24021.55555555556,80071.22222222222,80075.55555555555,0.0,0.0,12.5,12.5,0.0,0.0,1.0,1.0,0.3255486111111111,0.29938055555555554,1.0,1.0,1.0037249327231539,0.8839645447219984,1.2685093680791004,1.0,0.32612948881611814,0.2999861242160183,0.999945884442471,1.0
